{
	"v": "5.5.7",
	"meta": { "g": "LottieFiles AE 0.1.20", "a": "", "k": "", "d": "", "tc": "" },
	"fr": 25,
	"ip": 0,
	"op": 83,
	"w": 1080,
	"h": 1080,
	"nm": "Comp 1",
	"ddd": 0,
	"assets": [
		{
			"id": "comp_0",
			"layers": [
				{
					"ddd": 0,
					"ind": 1,
					"ty": 4,
					"nm": "Layer 9 Outlines",
					"parent": 9,
					"sr": 1,
					"ks": {
						"o": { "a": 0, "k": 100, "ix": 11 },
						"r": {
							"a": 1,
							"k": [
								{
									"i": { "x": [0.49], "y": [1] },
									"o": { "x": [0.51], "y": [0] },
									"t": 16,
									"s": [0]
								},
								{ "t": 36, "s": [339] }
							],
							"ix": 10
						},
						"p": {
							"a": 1,
							"k": [
								{
									"i": { "x": 0.49, "y": 1 },
									"o": { "x": 0.51, "y": 0 },
									"t": 16,
									"s": [115.275, 107.781, 0],
									"to": [0, 0, 0],
									"ti": [0, 0, 0]
								},
								{
									"i": { "x": 0.49, "y": 1 },
									"o": { "x": 0.51, "y": 0 },
									"t": 26,
									"s": [115.275, -92.219, 0],
									"to": [0, 0, 0],
									"ti": [0, 0, 0]
								},
								{ "t": 36, "s": [103.275, 83.781, 0] }
							],
							"ix": 2
						},
						"a": { "a": 0, "k": [38.754, 39.027, 0], "ix": 1 },
						"s": { "a": 0, "k": [100, 100, 100], "ix": 6 }
					},
					"ao": 0,
					"shapes": [
						{
							"ty": "gr",
							"it": [
								{
									"ind": 0,
									"ty": "sh",
									"ix": 1,
									"ks": {
										"a": 0,
										"k": {
											"i": [
												[-0.12, -1.453],
												[0, 0],
												[-0.51, -0.296],
												[0, 0],
												[1.366, -0.539],
												[0, 0],
												[0.121, -0.564],
												[0, 0],
												[0.965, 1.121],
												[0, 0],
												[0.584, -0.053],
												[0, 0],
												[-0.771, 1.231],
												[0, 0],
												[0.241, 0.531],
												[0, 0],
												[-1.441, -0.359],
												[0, 0],
												[-0.437, 0.381],
												[0, 0]
											],
											"o": [
												[0, 0],
												[0.048, 0.577],
												[0, 0],
												[1.285, 0.746],
												[0, 0],
												[-0.543, 0.214],
												[0, 0],
												[-0.305, 1.419],
												[0, 0],
												[-0.382, -0.445],
												[0, 0],
												[-1.473, 0.132],
												[0, 0],
												[0.306, -0.488],
												[0, 0],
												[-0.604, -1.339],
												[0, 0],
												[0.572, 0.142],
												[0, 0],
												[1.098, -0.958]
											],
											"v": [
												[8.538, -21.498],
												[9.622, -8.381],
												[10.513, -6.986],
												[22.107, -0.249],
												[21.904, 2.892],
												[9.565, 7.753],
												[8.505, 8.996],
												[5.753, 21.813],
												[2.648, 22.544],
												[-6.063, 12.432],
												[-7.609, 11.805],
												[-20.904, 12.989],
												[-22.62, 10.301],
												[-15.664, -0.811],
												[-15.56, -2.44],
												[-21.024, -14.525],
												[-18.98, -16.919],
												[-5.971, -13.673],
												[-4.359, -14.054],
												[5.559, -22.707]
											],
											"c": true
										},
										"ix": 2
									},
									"nm": "Path 1",
									"mn": "ADBE Vector Shape - Group",
									"hd": false
								},
								{
									"ty": "st",
									"c": {
										"a": 0,
										"k": [0.289999988032, 0.286000001197, 0.289999988032, 1],
										"ix": 3
									},
									"o": { "a": 0, "k": 100, "ix": 4 },
									"w": { "a": 0, "k": 6.145, "ix": 5 },
									"lc": 2,
									"lj": 1,
									"ml": 10,
									"bm": 0,
									"nm": "Stroke 1",
									"mn": "ADBE Vector Graphic - Stroke",
									"hd": false
								},
								{
									"ty": "fl",
									"c": {
										"a": 0,
										"k": [0.9254901960784314, 0.1803921568627451, 0.4117647058823529, 1],
										"ix": 4
									},
									"o": { "a": 0, "k": 100, "ix": 5 },
									"r": 1,
									"bm": 0,
									"nm": "Fill 1",
									"mn": "ADBE Vector Graphic - Fill",
									"hd": false
								},
								{
									"ty": "tr",
									"p": { "a": 0, "k": [38.754, 39.027], "ix": 2 },
									"a": { "a": 0, "k": [0, 0], "ix": 1 },
									"s": { "a": 0, "k": [100, 100], "ix": 3 },
									"r": { "a": 0, "k": 0, "ix": 6 },
									"o": { "a": 0, "k": 100, "ix": 7 },
									"sk": { "a": 0, "k": 0, "ix": 4 },
									"sa": { "a": 0, "k": 0, "ix": 5 },
									"nm": "Transform"
								}
							],
							"nm": "Group 1",
							"np": 3,
							"cix": 2,
							"bm": 0,
							"ix": 1,
							"mn": "ADBE Vector Group",
							"hd": false
						}
					],
					"ip": 26,
					"op": 380,
					"st": 0,
					"bm": 0
				},
				{
					"ddd": 0,
					"ind": 2,
					"ty": 4,
					"nm": "Layer 8 Outlines",
					"parent": 9,
					"sr": 1,
					"ks": {
						"o": { "a": 0, "k": 100, "ix": 11 },
						"r": { "a": 0, "k": 0, "ix": 10 },
						"p": { "a": 0, "k": [103.455, 11.955, 0], "ix": 2 },
						"a": { "a": 0, "k": [95.5, 79, 0], "ix": 1 },
						"s": {
							"a": 1,
							"k": [
								{
									"i": { "x": [0.49, 0.49, 0.49], "y": [1, 1, 1] },
									"o": { "x": [0.51, 0.51, 0.51], "y": [0, 0, 0] },
									"t": 17,
									"s": [100, 100, 100]
								},
								{ "t": 22, "s": [100, -100, 100] }
							],
							"ix": 6
						}
					},
					"ao": 0,
					"shapes": [
						{
							"ty": "gr",
							"it": [
								{
									"ind": 0,
									"ty": "sh",
									"ix": 1,
									"ks": {
										"a": 0,
										"k": {
											"i": [
												[13.096, 0],
												[0, 0],
												[9.186, -9.335],
												[0, 0],
												[0, 0],
												[0, 0]
											],
											"o": [
												[0, 0],
												[-13.096, 0],
												[0, 0],
												[0, 0],
												[0, 0],
												[-9.185, -9.335]
											],
											"v": [
												[1.221, -37.5],
												[-1.22, -37.5],
												[-36.05, -22.909],
												[-93.5, 37.5],
												[93.5, 37.5],
												[36.051, -22.909]
											],
											"c": true
										},
										"ix": 2
									},
									"nm": "Path 1",
									"mn": "ADBE Vector Shape - Group",
									"hd": false
								},
								{
									"ty": "st",
									"c": {
										"a": 0,
										"k": [0.289999988032, 0.286000001197, 0.289999988032, 1],
										"ix": 3
									},
									"o": { "a": 0, "k": 100, "ix": 4 },
									"w": { "a": 0, "k": 8, "ix": 5 },
									"lc": 1,
									"lj": 1,
									"ml": 1,
									"bm": 0,
									"nm": "Stroke 1",
									"mn": "ADBE Vector Graphic - Stroke",
									"hd": false
								},
								{
									"ty": "fl",
									"c": { "a": 0, "k": [1, 1, 1, 1], "ix": 4 },
									"o": { "a": 0, "k": 100, "ix": 5 },
									"r": 1,
									"bm": 0,
									"nm": "Fill 1",
									"mn": "ADBE Vector Graphic - Fill",
									"hd": false
								},
								{
									"ty": "tr",
									"p": { "a": 0, "k": [95.5, 39.5], "ix": 2 },
									"a": { "a": 0, "k": [0, 0], "ix": 1 },
									"s": { "a": 0, "k": [100, 100], "ix": 3 },
									"r": { "a": 0, "k": 0, "ix": 6 },
									"o": { "a": 0, "k": 100, "ix": 7 },
									"sk": { "a": 0, "k": 0, "ix": 4 },
									"sa": { "a": 0, "k": 0, "ix": 5 },
									"nm": "Transform"
								}
							],
							"nm": "Group 1",
							"np": 3,
							"cix": 2,
							"bm": 0,
							"ix": 1,
							"mn": "ADBE Vector Group",
							"hd": false
						}
					],
					"ip": 16,
					"op": 376,
					"st": 0,
					"bm": 0
				},
				{
					"ddd": 0,
					"ind": 3,
					"ty": 4,
					"nm": "Layer 4 Outlines",
					"parent": 9,
					"sr": 1,
					"ks": {
						"o": { "a": 0, "k": 100, "ix": 11 },
						"r": { "a": 0, "k": 0, "ix": 10 },
						"p": { "a": 0, "k": [103.455, 75.63, 0], "ix": 2 },
						"a": { "a": 0, "k": [115.5, 85.675, 0], "ix": 1 },
						"s": { "a": 0, "k": [100, 100, 100], "ix": 6 }
					},
					"ao": 0,
					"shapes": [
						{
							"ty": "gr",
							"it": [
								{
									"ind": 0,
									"ty": "sh",
									"ix": 1,
									"ks": {
										"a": 0,
										"k": {
											"i": [
												[0, 0],
												[0, 0],
												[13.095, 0],
												[0, 0],
												[9.186, 9.334],
												[0, 0],
												[0, 0],
												[0, 0],
												[0, 0],
												[0, 0]
											],
											"o": [
												[0, 0],
												[-9.186, 9.334],
												[0, 0],
												[-13.095, 0],
												[0, 0],
												[0, 0],
												[0, 0],
												[0, 0],
												[0, 0],
												[0, 0]
											],
											"v": [
												[93.5, -65.675],
												[36.051, -5.266],
												[1.221, 9.325],
												[-1.221, 9.325],
												[-36.051, -5.266],
												[-93.5, -65.675],
												[-95.5, -65.675],
												[-95.5, 65.675],
												[95.5, 65.675],
												[95.5, -65.675]
											],
											"c": true
										},
										"ix": 2
									},
									"nm": "Path 1",
									"mn": "ADBE Vector Shape - Group",
									"hd": false
								},
								{
									"ty": "st",
									"c": {
										"a": 0,
										"k": [0.289999988032, 0.286000001197, 0.289999988032, 1],
										"ix": 3
									},
									"o": { "a": 0, "k": 100, "ix": 4 },
									"w": { "a": 0, "k": 8, "ix": 5 },
									"lc": 1,
									"lj": 1,
									"ml": 10,
									"bm": 0,
									"nm": "Stroke 1",
									"mn": "ADBE Vector Graphic - Stroke",
									"hd": false
								},
								{
									"ty": "fl",
									"c": { "a": 0, "k": [1, 1, 1, 1], "ix": 4 },
									"o": { "a": 0, "k": 100, "ix": 5 },
									"r": 1,
									"bm": 0,
									"nm": "Fill 1",
									"mn": "ADBE Vector Graphic - Fill",
									"hd": false
								},
								{
									"ty": "tr",
									"p": { "a": 0, "k": [115.5, 85.675], "ix": 2 },
									"a": { "a": 0, "k": [0, 0], "ix": 1 },
									"s": { "a": 0, "k": [100, 100], "ix": 3 },
									"r": { "a": 0, "k": 0, "ix": 6 },
									"o": { "a": 0, "k": 100, "ix": 7 },
									"sk": { "a": 0, "k": 0, "ix": 4 },
									"sa": { "a": 0, "k": 0, "ix": 5 },
									"nm": "Transform"
								}
							],
							"nm": "Group 1",
							"np": 3,
							"cix": 2,
							"bm": 0,
							"ix": 1,
							"mn": "ADBE Vector Group",
							"hd": false
						}
					],
					"ip": 0,
					"op": 376,
					"st": 0,
					"bm": 0
				},
				{
					"ddd": 0,
					"ind": 4,
					"ty": 4,
					"nm": "Layer 6 Outlines",
					"parent": 9,
					"sr": 1,
					"ks": {
						"o": { "a": 0, "k": 100, "ix": 11 },
						"r": {
							"a": 1,
							"k": [
								{
									"i": { "x": [0.49], "y": [1] },
									"o": { "x": [0.51], "y": [0] },
									"t": 16,
									"s": [0]
								},
								{ "t": 36, "s": [360] }
							],
							"ix": 10
						},
						"p": {
							"a": 1,
							"k": [
								{
									"i": { "x": 0.49, "y": 1 },
									"o": { "x": 0.51, "y": 0 },
									"t": 16,
									"s": [115.275, 107.781, 0],
									"to": [0, 0, 0],
									"ti": [0, 0, 0]
								},
								{
									"i": { "x": 0.49, "y": 1 },
									"o": { "x": 0.51, "y": 0 },
									"t": 26,
									"s": [115.275, -92.219, 0],
									"to": [0, 0, 0],
									"ti": [0, 0, 0]
								},
								{ "t": 36, "s": [103.275, 83.781, 0] }
							],
							"ix": 2
						},
						"a": { "a": 0, "k": [38.754, 39.027, 0], "ix": 1 },
						"s": { "a": 0, "k": [100, 100, 100], "ix": 6 }
					},
					"ao": 0,
					"shapes": [
						{
							"ty": "gr",
							"it": [
								{
									"ind": 0,
									"ty": "sh",
									"ix": 1,
									"ks": {
										"a": 0,
										"k": {
											"i": [
												[-0.12, -1.453],
												[0, 0],
												[-0.51, -0.296],
												[0, 0],
												[1.366, -0.539],
												[0, 0],
												[0.121, -0.564],
												[0, 0],
												[0.965, 1.121],
												[0, 0],
												[0.584, -0.053],
												[0, 0],
												[-0.771, 1.231],
												[0, 0],
												[0.241, 0.531],
												[0, 0],
												[-1.441, -0.359],
												[0, 0],
												[-0.437, 0.381],
												[0, 0]
											],
											"o": [
												[0, 0],
												[0.048, 0.577],
												[0, 0],
												[1.285, 0.746],
												[0, 0],
												[-0.543, 0.214],
												[0, 0],
												[-0.305, 1.419],
												[0, 0],
												[-0.382, -0.445],
												[0, 0],
												[-1.473, 0.132],
												[0, 0],
												[0.306, -0.488],
												[0, 0],
												[-0.604, -1.339],
												[0, 0],
												[0.572, 0.142],
												[0, 0],
												[1.098, -0.958]
											],
											"v": [
												[8.538, -21.498],
												[9.622, -8.381],
												[10.513, -6.986],
												[22.107, -0.249],
												[21.904, 2.892],
												[9.565, 7.753],
												[8.505, 8.996],
												[5.753, 21.813],
												[2.648, 22.544],
												[-6.063, 12.432],
												[-7.609, 11.805],
												[-20.904, 12.989],
												[-22.62, 10.301],
												[-15.664, -0.811],
												[-15.56, -2.44],
												[-21.024, -14.525],
												[-18.98, -16.919],
												[-5.971, -13.673],
												[-4.359, -14.054],
												[5.559, -22.707]
											],
											"c": true
										},
										"ix": 2
									},
									"nm": "Path 1",
									"mn": "ADBE Vector Shape - Group",
									"hd": false
								},
								{
									"ty": "st",
									"c": {
										"a": 0,
										"k": [0.289999988032, 0.286000001197, 0.289999988032, 1],
										"ix": 3
									},
									"o": { "a": 0, "k": 100, "ix": 4 },
									"w": { "a": 0, "k": 6.145, "ix": 5 },
									"lc": 2,
									"lj": 1,
									"ml": 10,
									"bm": 0,
									"nm": "Stroke 1",
									"mn": "ADBE Vector Graphic - Stroke",
									"hd": false
								},
								{
									"ty": "fl",
									"c": {
										"a": 0,
										"k": [0.9254901960784314, 0.1803921568627451, 0.4117647058823529, 1],
										"ix": 4
									},
									"o": { "a": 0, "k": 100, "ix": 5 },
									"r": 1,
									"bm": 0,
									"nm": "Fill 1",
									"mn": "ADBE Vector Graphic - Fill",
									"hd": false
								},
								{
									"ty": "tr",
									"p": { "a": 0, "k": [38.754, 39.027], "ix": 2 },
									"a": { "a": 0, "k": [0, 0], "ix": 1 },
									"s": { "a": 0, "k": [100, 100], "ix": 3 },
									"r": { "a": 0, "k": 0, "ix": 6 },
									"o": { "a": 0, "k": 100, "ix": 7 },
									"sk": { "a": 0, "k": 0, "ix": 4 },
									"sa": { "a": 0, "k": 0, "ix": 5 },
									"nm": "Transform"
								}
							],
							"nm": "Group 1",
							"np": 3,
							"cix": 2,
							"bm": 0,
							"ix": 1,
							"mn": "ADBE Vector Group",
							"hd": false
						}
					],
					"ip": 12,
					"op": 26,
					"st": 0,
					"bm": 0
				},
				{
					"ddd": 0,
					"ind": 5,
					"ty": 4,
					"nm": "Shape Layer 1",
					"td": 1,
					"sr": 1,
					"ks": {
						"o": { "a": 0, "k": 100, "ix": 11 },
						"r": { "a": 0, "k": 0, "ix": 10 },
						"p": { "a": 0, "k": [540, 472, 0], "ix": 2 },
						"a": { "a": 0, "k": [0, 0, 0], "ix": 1 },
						"s": { "a": 0, "k": [100, 100, 100], "ix": 6 }
					},
					"ao": 0,
					"shapes": [
						{
							"ty": "gr",
							"it": [
								{
									"ty": "rc",
									"d": 1,
									"s": { "a": 0, "k": [244, 436], "ix": 2 },
									"p": { "a": 0, "k": [0, 0], "ix": 3 },
									"r": { "a": 0, "k": 0, "ix": 4 },
									"nm": "Rectangle Path 1",
									"mn": "ADBE Vector Shape - Rect",
									"hd": false
								},
								{
									"ty": "fl",
									"c": { "a": 0, "k": [1, 1, 1, 1], "ix": 4 },
									"o": { "a": 0, "k": 100, "ix": 5 },
									"r": 1,
									"bm": 0,
									"nm": "Fill 1",
									"mn": "ADBE Vector Graphic - Fill",
									"hd": false
								},
								{
									"ty": "tr",
									"p": { "a": 0, "k": [18, -106], "ix": 2 },
									"a": { "a": 0, "k": [0, 0], "ix": 1 },
									"s": { "a": 0, "k": [100, 100], "ix": 3 },
									"r": { "a": 0, "k": 0, "ix": 6 },
									"o": { "a": 0, "k": 100, "ix": 7 },
									"sk": { "a": 0, "k": 0, "ix": 4 },
									"sa": { "a": 0, "k": 0, "ix": 5 },
									"nm": "Transform"
								}
							],
							"nm": "Rectangle 1",
							"np": 3,
							"cix": 2,
							"bm": 0,
							"ix": 1,
							"mn": "ADBE Vector Group",
							"hd": false
						}
					],
					"ip": 0,
					"op": 376,
					"st": 0,
					"bm": 0
				},
				{
					"ddd": 0,
					"ind": 6,
					"ty": 4,
					"nm": "Layer 3 Outlines",
					"tt": 1,
					"sr": 1,
					"ks": {
						"o": { "a": 0, "k": 100, "ix": 11 },
						"r": { "a": 0, "k": 0, "ix": 10 },
						"p": {
							"a": 1,
							"k": [
								{
									"i": { "x": 0.48, "y": 1 },
									"o": { "x": 0.52, "y": 0 },
									"t": 0,
									"s": [544, 199.479, 0],
									"to": [0, 0, 0],
									"ti": [0, 0, 0]
								},
								{ "t": 19, "s": [544, 631.479, 0] }
							],
							"ix": 2
						},
						"a": { "a": 0, "k": [100.771, 136.642, 0], "ix": 1 },
						"s": { "a": 0, "k": [100, 100, 100], "ix": 6 }
					},
					"ao": 0,
					"shapes": [
						{
							"ty": "gr",
							"it": [
								{
									"ind": 0,
									"ty": "sh",
									"ix": 1,
									"ks": {
										"a": 0,
										"k": {
											"i": [
												[0, 0],
												[0, 0]
											],
											"o": [
												[0, 0],
												[0, 0]
											],
											"v": [
												[76.771, 94.663],
												[173.271, 94.663]
											],
											"c": false
										},
										"ix": 2
									},
									"nm": "Path 1",
									"mn": "ADBE Vector Shape - Group",
									"hd": false
								},
								{
									"ty": "st",
									"c": {
										"a": 0,
										"k": [0.289999988032, 0.286000001197, 0.289999988032, 1],
										"ix": 3
									},
									"o": { "a": 0, "k": 100, "ix": 4 },
									"w": { "a": 0, "k": 7.454, "ix": 5 },
									"lc": 2,
									"lj": 1,
									"ml": 10,
									"bm": 0,
									"nm": "Stroke 1",
									"mn": "ADBE Vector Graphic - Stroke",
									"hd": false
								},
								{
									"ty": "tr",
									"p": { "a": 0, "k": [-40, 0], "ix": 2 },
									"a": { "a": 0, "k": [0, 0], "ix": 1 },
									"s": { "a": 0, "k": [100, 100], "ix": 3 },
									"r": { "a": 0, "k": 0, "ix": 6 },
									"o": { "a": 0, "k": 100, "ix": 7 },
									"sk": { "a": 0, "k": 0, "ix": 4 },
									"sa": { "a": 0, "k": 0, "ix": 5 },
									"nm": "Transform"
								}
							],
							"nm": "Group 1",
							"np": 2,
							"cix": 2,
							"bm": 0,
							"ix": 1,
							"mn": "ADBE Vector Group",
							"hd": false
						},
						{
							"ty": "gr",
							"it": [
								{
									"ind": 0,
									"ty": "sh",
									"ix": 1,
									"ks": {
										"a": 0,
										"k": {
											"i": [
												[0, 0],
												[0, 0]
											],
											"o": [
												[0, 0],
												[0, 0]
											],
											"v": [
												[76.771, 94.663],
												[173.271, 94.663]
											],
											"c": true
										},
										"ix": 2
									},
									"nm": "Path 1",
									"mn": "ADBE Vector Shape - Group",
									"hd": false
								},
								{
									"ty": "fl",
									"c": { "a": 0, "k": [1, 1, 1, 1], "ix": 4 },
									"o": { "a": 0, "k": 100, "ix": 5 },
									"r": 1,
									"bm": 0,
									"nm": "Fill 1",
									"mn": "ADBE Vector Graphic - Fill",
									"hd": false
								},
								{
									"ty": "tr",
									"p": { "a": 0, "k": [0, 0], "ix": 2 },
									"a": { "a": 0, "k": [0, 0], "ix": 1 },
									"s": { "a": 0, "k": [100, 100], "ix": 3 },
									"r": { "a": 0, "k": 0, "ix": 6 },
									"o": { "a": 0, "k": 100, "ix": 7 },
									"sk": { "a": 0, "k": 0, "ix": 4 },
									"sa": { "a": 0, "k": 0, "ix": 5 },
									"nm": "Transform"
								}
							],
							"nm": "Group 2",
							"np": 2,
							"cix": 2,
							"bm": 0,
							"ix": 2,
							"mn": "ADBE Vector Group",
							"hd": false
						},
						{
							"ty": "gr",
							"it": [
								{
									"ind": 0,
									"ty": "sh",
									"ix": 1,
									"ks": {
										"a": 0,
										"k": {
											"i": [
												[0, 0],
												[0, 0]
											],
											"o": [
												[0, 0],
												[0, 0]
											],
											"v": [
												[31.271, 211.663],
												[90.771, 211.663]
											],
											"c": true
										},
										"ix": 2
									},
									"nm": "Path 1",
									"mn": "ADBE Vector Shape - Group",
									"hd": false
								},
								{
									"ty": "fl",
									"c": { "a": 0, "k": [1, 1, 1, 1], "ix": 4 },
									"o": { "a": 0, "k": 100, "ix": 5 },
									"r": 1,
									"bm": 0,
									"nm": "Fill 1",
									"mn": "ADBE Vector Graphic - Fill",
									"hd": false
								},
								{
									"ty": "tr",
									"p": { "a": 0, "k": [0, 0], "ix": 2 },
									"a": { "a": 0, "k": [0, 0], "ix": 1 },
									"s": { "a": 0, "k": [100, 100], "ix": 3 },
									"r": { "a": 0, "k": 0, "ix": 6 },
									"o": { "a": 0, "k": 100, "ix": 7 },
									"sk": { "a": 0, "k": 0, "ix": 4 },
									"sa": { "a": 0, "k": 0, "ix": 5 },
									"nm": "Transform"
								}
							],
							"nm": "Group 4",
							"np": 2,
							"cix": 2,
							"bm": 0,
							"ix": 3,
							"mn": "ADBE Vector Group",
							"hd": false
						},
						{
							"ty": "gr",
							"it": [
								{
									"ind": 0,
									"ty": "sh",
									"ix": 1,
									"ks": {
										"a": 0,
										"k": {
											"i": [
												[0, 0],
												[0, 0]
											],
											"o": [
												[0, 0],
												[0, 0]
											],
											"v": [
												[31.271, 180.663],
												[101.771, 180.663]
											],
											"c": false
										},
										"ix": 2
									},
									"nm": "Path 1",
									"mn": "ADBE Vector Shape - Group",
									"hd": false
								},
								{
									"ty": "st",
									"c": {
										"a": 0,
										"k": [0.289999988032, 0.286000001197, 0.289999988032, 1],
										"ix": 3
									},
									"o": { "a": 0, "k": 100, "ix": 4 },
									"w": { "a": 0, "k": 7.454, "ix": 5 },
									"lc": 2,
									"lj": 1,
									"ml": 10,
									"bm": 0,
									"nm": "Stroke 1",
									"mn": "ADBE Vector Graphic - Stroke",
									"hd": false
								},
								{
									"ty": "tr",
									"p": { "a": 0, "k": [0, 0], "ix": 2 },
									"a": { "a": 0, "k": [0, 0], "ix": 1 },
									"s": { "a": 0, "k": [100, 100], "ix": 3 },
									"r": { "a": 0, "k": 0, "ix": 6 },
									"o": { "a": 0, "k": 100, "ix": 7 },
									"sk": { "a": 0, "k": 0, "ix": 4 },
									"sa": { "a": 0, "k": 0, "ix": 5 },
									"nm": "Transform"
								}
							],
							"nm": "Group 5",
							"np": 2,
							"cix": 2,
							"bm": 0,
							"ix": 4,
							"mn": "ADBE Vector Group",
							"hd": false
						},
						{
							"ty": "gr",
							"it": [
								{
									"ind": 0,
									"ty": "sh",
									"ix": 1,
									"ks": {
										"a": 0,
										"k": {
											"i": [
												[0, 0],
												[0, 0]
											],
											"o": [
												[0, 0],
												[0, 0]
											],
											"v": [
												[31.271, 65.663],
												[129.771, 65.663]
											],
											"c": false
										},
										"ix": 2
									},
									"nm": "Path 1",
									"mn": "ADBE Vector Shape - Group",
									"hd": false
								},
								{
									"ty": "st",
									"c": {
										"a": 0,
										"k": [0.289999988032, 0.286000001197, 0.289999988032, 1],
										"ix": 3
									},
									"o": { "a": 0, "k": 100, "ix": 4 },
									"w": { "a": 0, "k": 7.454, "ix": 5 },
									"lc": 2,
									"lj": 1,
									"ml": 10,
									"bm": 0,
									"nm": "Stroke 1",
									"mn": "ADBE Vector Graphic - Stroke",
									"hd": false
								},
								{
									"ty": "tr",
									"p": { "a": 0, "k": [0, 0], "ix": 2 },
									"a": { "a": 0, "k": [0, 0], "ix": 1 },
									"s": { "a": 0, "k": [100, 100], "ix": 3 },
									"r": { "a": 0, "k": 0, "ix": 6 },
									"o": { "a": 0, "k": 100, "ix": 7 },
									"sk": { "a": 0, "k": 0, "ix": 4 },
									"sa": { "a": 0, "k": 0, "ix": 5 },
									"nm": "Transform"
								}
							],
							"nm": "Group 7",
							"np": 2,
							"cix": 2,
							"bm": 0,
							"ix": 5,
							"mn": "ADBE Vector Group",
							"hd": false
						},
						{
							"ty": "gr",
							"it": [
								{
									"ind": 0,
									"ty": "sh",
									"ix": 1,
									"ks": {
										"a": 0,
										"k": {
											"i": [
												[0, 0],
												[0, 0]
											],
											"o": [
												[0, 0],
												[0, 0]
											],
											"v": [
												[31.271, 65.662],
												[129.771, 65.662]
											],
											"c": true
										},
										"ix": 2
									},
									"nm": "Path 1",
									"mn": "ADBE Vector Shape - Group",
									"hd": false
								},
								{
									"ty": "fl",
									"c": { "a": 0, "k": [1, 1, 1, 1], "ix": 4 },
									"o": { "a": 0, "k": 100, "ix": 5 },
									"r": 1,
									"bm": 0,
									"nm": "Fill 1",
									"mn": "ADBE Vector Graphic - Fill",
									"hd": false
								},
								{
									"ty": "tr",
									"p": { "a": 0, "k": [0, 0], "ix": 2 },
									"a": { "a": 0, "k": [0, 0], "ix": 1 },
									"s": { "a": 0, "k": [100, 100], "ix": 3 },
									"r": { "a": 0, "k": 0, "ix": 6 },
									"o": { "a": 0, "k": 100, "ix": 7 },
									"sk": { "a": 0, "k": 0, "ix": 4 },
									"sa": { "a": 0, "k": 0, "ix": 5 },
									"nm": "Transform"
								}
							],
							"nm": "Group 8",
							"np": 2,
							"cix": 2,
							"bm": 0,
							"ix": 6,
							"mn": "ADBE Vector Group",
							"hd": false
						},
						{
							"ty": "gr",
							"it": [
								{
									"ind": 0,
									"ty": "sh",
									"ix": 1,
									"ks": {
										"a": 0,
										"k": {
											"i": [
												[0, 0],
												[0, 0]
											],
											"o": [
												[0, 0],
												[0, 0]
											],
											"v": [
												[31.271, 130.663],
												[172.271, 130.663]
											],
											"c": false
										},
										"ix": 2
									},
									"nm": "Path 1",
									"mn": "ADBE Vector Shape - Group",
									"hd": false
								},
								{
									"ty": "st",
									"c": {
										"a": 0,
										"k": [0.289999988032, 0.286000001197, 0.289999988032, 1],
										"ix": 3
									},
									"o": { "a": 0, "k": 100, "ix": 4 },
									"w": { "a": 0, "k": 7.454, "ix": 5 },
									"lc": 2,
									"lj": 1,
									"ml": 10,
									"bm": 0,
									"nm": "Stroke 1",
									"mn": "ADBE Vector Graphic - Stroke",
									"hd": false
								},
								{
									"ty": "tr",
									"p": { "a": 0, "k": [0, 0], "ix": 2 },
									"a": { "a": 0, "k": [0, 0], "ix": 1 },
									"s": { "a": 0, "k": [100, 100], "ix": 3 },
									"r": { "a": 0, "k": 0, "ix": 6 },
									"o": { "a": 0, "k": 100, "ix": 7 },
									"sk": { "a": 0, "k": 0, "ix": 4 },
									"sa": { "a": 0, "k": 0, "ix": 5 },
									"nm": "Transform"
								}
							],
							"nm": "Group 9",
							"np": 2,
							"cix": 2,
							"bm": 0,
							"ix": 7,
							"mn": "ADBE Vector Group",
							"hd": false
						},
						{
							"ty": "gr",
							"it": [
								{
									"ind": 0,
									"ty": "sh",
									"ix": 1,
									"ks": {
										"a": 0,
										"k": {
											"i": [
												[0, 0],
												[0, 0]
											],
											"o": [
												[0, 0],
												[0, 0]
											],
											"v": [
												[31.271, 130.663],
												[172.271, 130.663]
											],
											"c": true
										},
										"ix": 2
									},
									"nm": "Path 1",
									"mn": "ADBE Vector Shape - Group",
									"hd": false
								},
								{
									"ty": "fl",
									"c": { "a": 0, "k": [1, 1, 1, 1], "ix": 4 },
									"o": { "a": 0, "k": 100, "ix": 5 },
									"r": 1,
									"bm": 0,
									"nm": "Fill 1",
									"mn": "ADBE Vector Graphic - Fill",
									"hd": false
								},
								{
									"ty": "tr",
									"p": { "a": 0, "k": [0, 0], "ix": 2 },
									"a": { "a": 0, "k": [0, 0], "ix": 1 },
									"s": { "a": 0, "k": [100, 100], "ix": 3 },
									"r": { "a": 0, "k": 0, "ix": 6 },
									"o": { "a": 0, "k": 100, "ix": 7 },
									"sk": { "a": 0, "k": 0, "ix": 4 },
									"sa": { "a": 0, "k": 0, "ix": 5 },
									"nm": "Transform"
								}
							],
							"nm": "Group 10",
							"np": 2,
							"cix": 2,
							"bm": 0,
							"ix": 8,
							"mn": "ADBE Vector Group",
							"hd": false
						},
						{
							"ty": "gr",
							"it": [
								{
									"ind": 0,
									"ty": "sh",
									"ix": 1,
									"ks": {
										"a": 0,
										"k": {
											"i": [
												[0, 0],
												[0, 0]
											],
											"o": [
												[0, 0],
												[0, 0]
											],
											"v": [
												[30.771, 36.663],
												[171.771, 36.663]
											],
											"c": false
										},
										"ix": 2
									},
									"nm": "Path 1",
									"mn": "ADBE Vector Shape - Group",
									"hd": false
								},
								{
									"ty": "st",
									"c": {
										"a": 0,
										"k": [0.289999988032, 0.286000001197, 0.289999988032, 1],
										"ix": 3
									},
									"o": { "a": 0, "k": 100, "ix": 4 },
									"w": { "a": 0, "k": 7.454, "ix": 5 },
									"lc": 2,
									"lj": 1,
									"ml": 10,
									"bm": 0,
									"nm": "Stroke 1",
									"mn": "ADBE Vector Graphic - Stroke",
									"hd": false
								},
								{
									"ty": "tr",
									"p": { "a": 0, "k": [0, 0], "ix": 2 },
									"a": { "a": 0, "k": [0, 0], "ix": 1 },
									"s": { "a": 0, "k": [100, 100], "ix": 3 },
									"r": { "a": 0, "k": 0, "ix": 6 },
									"o": { "a": 0, "k": 100, "ix": 7 },
									"sk": { "a": 0, "k": 0, "ix": 4 },
									"sa": { "a": 0, "k": 0, "ix": 5 },
									"nm": "Transform"
								}
							],
							"nm": "Group 11",
							"np": 2,
							"cix": 2,
							"bm": 0,
							"ix": 9,
							"mn": "ADBE Vector Group",
							"hd": false
						},
						{
							"ty": "gr",
							"it": [
								{
									"ind": 0,
									"ty": "sh",
									"ix": 1,
									"ks": {
										"a": 0,
										"k": {
											"i": [
												[0, 0],
												[0, 0]
											],
											"o": [
												[0, 0],
												[0, 0]
											],
											"v": [
												[30.771, 36.663],
												[171.77, 36.663]
											],
											"c": true
										},
										"ix": 2
									},
									"nm": "Path 1",
									"mn": "ADBE Vector Shape - Group",
									"hd": false
								},
								{
									"ty": "fl",
									"c": { "a": 0, "k": [1, 1, 1, 1], "ix": 4 },
									"o": { "a": 0, "k": 100, "ix": 5 },
									"r": 1,
									"bm": 0,
									"nm": "Fill 1",
									"mn": "ADBE Vector Graphic - Fill",
									"hd": false
								},
								{
									"ty": "tr",
									"p": { "a": 0, "k": [0, 0], "ix": 2 },
									"a": { "a": 0, "k": [0, 0], "ix": 1 },
									"s": { "a": 0, "k": [100, 100], "ix": 3 },
									"r": { "a": 0, "k": 0, "ix": 6 },
									"o": { "a": 0, "k": 100, "ix": 7 },
									"sk": { "a": 0, "k": 0, "ix": 4 },
									"sa": { "a": 0, "k": 0, "ix": 5 },
									"nm": "Transform"
								}
							],
							"nm": "Group 12",
							"np": 2,
							"cix": 2,
							"bm": 0,
							"ix": 10,
							"mn": "ADBE Vector Group",
							"hd": false
						},
						{
							"ty": "gr",
							"it": [
								{
									"ind": 0,
									"ty": "sh",
									"ix": 1,
									"ks": {
										"a": 0,
										"k": {
											"i": [
												[0, 0],
												[0, 0],
												[0, 0],
												[0, 0]
											],
											"o": [
												[0, 0],
												[0, 0],
												[0, 0],
												[0, 0]
											],
											"v": [
												[95.5, 131.371],
												[-95.5, 131.371],
												[-95.5, -131.371],
												[95.5, -131.371]
											],
											"c": true
										},
										"ix": 2
									},
									"nm": "Path 1",
									"mn": "ADBE Vector Shape - Group",
									"hd": false
								},
								{
									"ty": "st",
									"c": {
										"a": 0,
										"k": [0.289999988032, 0.286000001197, 0.289999988032, 1],
										"ix": 3
									},
									"o": { "a": 0, "k": 100, "ix": 4 },
									"w": { "a": 0, "k": 7.454, "ix": 5 },
									"lc": 1,
									"lj": 1,
									"ml": 10,
									"bm": 0,
									"nm": "Stroke 1",
									"mn": "ADBE Vector Graphic - Stroke",
									"hd": false
								},
								{
									"ty": "fl",
									"c": { "a": 0, "k": [1, 1, 1, 1], "ix": 4 },
									"o": { "a": 0, "k": 100, "ix": 5 },
									"r": 1,
									"bm": 0,
									"nm": "Fill 1",
									"mn": "ADBE Vector Graphic - Fill",
									"hd": false
								},
								{
									"ty": "tr",
									"p": { "a": 0, "k": [100.771, 136.642], "ix": 2 },
									"a": { "a": 0, "k": [0, 0], "ix": 1 },
									"s": { "a": 0, "k": [100, 100], "ix": 3 },
									"r": { "a": 0, "k": 0, "ix": 6 },
									"o": { "a": 0, "k": 100, "ix": 7 },
									"sk": { "a": 0, "k": 0, "ix": 4 },
									"sa": { "a": 0, "k": 0, "ix": 5 },
									"nm": "Transform"
								}
							],
							"nm": "Group 13",
							"np": 3,
							"cix": 2,
							"bm": 0,
							"ix": 11,
							"mn": "ADBE Vector Group",
							"hd": false
						}
					],
					"ip": 0,
					"op": 376,
					"st": 0,
					"bm": 0
				},
				{
					"ddd": 0,
					"ind": 7,
					"ty": 4,
					"nm": "Layer 7 Outlines",
					"parent": 9,
					"sr": 1,
					"ks": {
						"o": { "a": 0, "k": 100, "ix": 11 },
						"r": { "a": 0, "k": 0, "ix": 10 },
						"p": { "a": 0, "k": [103.455, 11.955, 0], "ix": 2 },
						"a": { "a": 0, "k": [95.5, 79, 0], "ix": 1 },
						"s": {
							"a": 1,
							"k": [
								{
									"i": { "x": [0.833, 0.833, 0.833], "y": [0.833, 0.833, 0.833] },
									"o": { "x": [0.167, 0.167, 0.167], "y": [0.167, 0.167, 0.167] },
									"t": 17,
									"s": [100, 100, 100]
								},
								{ "t": 27, "s": [100, -100, 100] }
							],
							"ix": 6
						}
					},
					"ao": 0,
					"shapes": [
						{
							"ty": "gr",
							"it": [
								{
									"ind": 0,
									"ty": "sh",
									"ix": 1,
									"ks": {
										"a": 0,
										"k": {
											"i": [
												[13.096, 0],
												[0, 0],
												[9.186, -9.335],
												[0, 0],
												[0, 0],
												[0, 0]
											],
											"o": [
												[0, 0],
												[-13.096, 0],
												[0, 0],
												[0, 0],
												[0, 0],
												[-9.185, -9.335]
											],
											"v": [
												[1.221, -37.5],
												[-1.22, -37.5],
												[-36.05, -22.909],
												[-93.5, 37.5],
												[93.5, 37.5],
												[36.051, -22.909]
											],
											"c": true
										},
										"ix": 2
									},
									"nm": "Path 1",
									"mn": "ADBE Vector Shape - Group",
									"hd": false
								},
								{
									"ty": "st",
									"c": {
										"a": 0,
										"k": [0.289999988032, 0.286000001197, 0.289999988032, 1],
										"ix": 3
									},
									"o": { "a": 0, "k": 100, "ix": 4 },
									"w": { "a": 0, "k": 8, "ix": 5 },
									"lc": 1,
									"lj": 1,
									"ml": 1,
									"bm": 0,
									"nm": "Stroke 1",
									"mn": "ADBE Vector Graphic - Stroke",
									"hd": false
								},
								{
									"ty": "fl",
									"c": { "a": 0, "k": [1, 1, 1, 1], "ix": 4 },
									"o": { "a": 0, "k": 100, "ix": 5 },
									"r": 1,
									"bm": 0,
									"nm": "Fill 1",
									"mn": "ADBE Vector Graphic - Fill",
									"hd": false
								},
								{
									"ty": "tr",
									"p": { "a": 0, "k": [95.5, 39.5], "ix": 2 },
									"a": { "a": 0, "k": [0, 0], "ix": 1 },
									"s": { "a": 0, "k": [100, 100], "ix": 3 },
									"r": { "a": 0, "k": 0, "ix": 6 },
									"o": { "a": 0, "k": 100, "ix": 7 },
									"sk": { "a": 0, "k": 0, "ix": 4 },
									"sa": { "a": 0, "k": 0, "ix": 5 },
									"nm": "Transform"
								}
							],
							"nm": "Group 1",
							"np": 3,
							"cix": 2,
							"bm": 0,
							"ix": 1,
							"mn": "ADBE Vector Group",
							"hd": false
						}
					],
					"ip": 0,
					"op": 16,
					"st": 0,
					"bm": 0
				},
				{
					"ddd": 0,
					"ind": 8,
					"ty": 4,
					"nm": "Layer 2 Outlines",
					"sr": 1,
					"ks": {
						"o": { "a": 0, "k": 100, "ix": 11 },
						"r": { "a": 0, "k": 0, "ix": 10 },
						"p": {
							"a": 1,
							"k": [
								{
									"i": { "x": 0.48, "y": 1 },
									"o": { "x": 0.52, "y": 0 },
									"t": 3,
									"s": [544, 863.026, 0],
									"to": [0, 0, 0],
									"ti": [0, 0, 0]
								},
								{ "t": 15, "s": [544, 519.026, 0] }
							],
							"ix": 2
						},
						"a": { "a": 0, "k": [103.455, 73.481, 0], "ix": 1 },
						"s": { "a": 0, "k": [100, 100, 100], "ix": 6 }
					},
					"ao": 0,
					"shapes": [
						{
							"ty": "gr",
							"it": [
								{
									"ind": 0,
									"ty": "sh",
									"ix": 1,
									"ks": {
										"a": 0,
										"k": {
											"i": [
												[13.096, 0],
												[0, 0],
												[9.186, 9.334],
												[0, 0],
												[0, 0],
												[0, 0]
											],
											"o": [
												[0, 0],
												[-13.096, 0],
												[0, 0],
												[0, 0],
												[0, 0],
												[-9.185, 9.334]
											],
											"v": [
												[1.221, 37.5],
												[-1.22, 37.5],
												[-36.05, 22.909],
												[-93.5, -37.5],
												[93.5, -37.5],
												[36.051, 22.909]
											],
											"c": true
										},
										"ix": 2
									},
									"nm": "Path 1",
									"mn": "ADBE Vector Shape - Group",
									"hd": false
								},
								{
									"ty": "st",
									"c": {
										"a": 0,
										"k": [0.289999988032, 0.286000001197, 0.289999988032, 1],
										"ix": 3
									},
									"o": { "a": 0, "k": 100, "ix": 4 },
									"w": { "a": 0, "k": 8, "ix": 5 },
									"lc": 1,
									"lj": 1,
									"ml": 1,
									"bm": 0,
									"nm": "Stroke 2",
									"mn": "ADBE Vector Graphic - Stroke",
									"hd": false
								},
								{
									"ty": "fl",
									"c": {
										"a": 0,
										"k": [0.9254901960784314, 0.1803921568627451, 0.4117647058823529, 1],
										"ix": 4
									},
									"o": { "a": 0, "k": 100, "ix": 5 },
									"r": 1,
									"bm": 0,
									"nm": "Fill 2",
									"mn": "ADBE Vector Graphic - Fill",
									"hd": false
								},
								{
									"ty": "st",
									"c": {
										"a": 0,
										"k": [0.289999988032, 0.286000001197, 0.289999988032, 1],
										"ix": 3
									},
									"o": { "a": 0, "k": 100, "ix": 4 },
									"w": { "a": 0, "k": 3.982, "ix": 5 },
									"lc": 1,
									"lj": 1,
									"ml": 10,
									"bm": 0,
									"nm": "Stroke 1",
									"mn": "ADBE Vector Graphic - Stroke",
									"hd": false
								},
								{
									"ty": "fl",
									"c": { "a": 0, "k": [1, 1, 1, 1], "ix": 4 },
									"o": { "a": 0, "k": 100, "ix": 5 },
									"r": 1,
									"bm": 0,
									"nm": "Fill 1",
									"mn": "ADBE Vector Graphic - Fill",
									"hd": false
								},
								{
									"ty": "tr",
									"p": { "a": 0, "k": [103.455, 47.455], "ix": 2 },
									"a": { "a": 0, "k": [0, 0], "ix": 1 },
									"s": { "a": 0, "k": [100, 100], "ix": 3 },
									"r": { "a": 0, "k": 0, "ix": 6 },
									"o": { "a": 0, "k": 100, "ix": 7 },
									"sk": { "a": 0, "k": 0, "ix": 4 },
									"sa": { "a": 0, "k": 0, "ix": 5 },
									"nm": "Transform"
								}
							],
							"nm": "Group 1",
							"np": 5,
							"cix": 2,
							"bm": 0,
							"ix": 1,
							"mn": "ADBE Vector Group",
							"hd": false
						},
						{
							"ty": "gr",
							"it": [
								{
									"ind": 0,
									"ty": "sh",
									"ix": 1,
									"ks": {
										"a": 0,
										"k": {
											"i": [
												[0, 0],
												[0, 0],
												[0, 0],
												[0, 0]
											],
											"o": [
												[0, 0],
												[0, 0],
												[0, 0],
												[0, 0]
											],
											"v": [
												[95.5, 65.675],
												[-95.5, 65.675],
												[-95.5, -65.675],
												[95.5, -65.675]
											],
											"c": true
										},
										"ix": 2
									},
									"nm": "Path 1",
									"mn": "ADBE Vector Shape - Group",
									"hd": false
								},
								{
									"ty": "st",
									"c": {
										"a": 0,
										"k": [0.289999988032, 0.286000001197, 0.289999988032, 1],
										"ix": 3
									},
									"o": { "a": 0, "k": 100, "ix": 4 },
									"w": { "a": 0, "k": 8, "ix": 5 },
									"lc": 1,
									"lj": 1,
									"ml": 10,
									"bm": 0,
									"nm": "Stroke 1",
									"mn": "ADBE Vector Graphic - Stroke",
									"hd": false
								},
								{
									"ty": "fl",
									"c": { "a": 0, "k": [1, 1, 1, 1], "ix": 4 },
									"o": { "a": 0, "k": 100, "ix": 5 },
									"r": 1,
									"bm": 0,
									"nm": "Fill 1",
									"mn": "ADBE Vector Graphic - Fill",
									"hd": false
								},
								{
									"ty": "tr",
									"p": { "a": 0, "k": [103.455, 75.63], "ix": 2 },
									"a": { "a": 0, "k": [0, 0], "ix": 1 },
									"s": { "a": 0, "k": [100, 100], "ix": 3 },
									"r": { "a": 0, "k": 0, "ix": 6 },
									"o": { "a": 0, "k": 100, "ix": 7 },
									"sk": { "a": 0, "k": 0, "ix": 4 },
									"sa": { "a": 0, "k": 0, "ix": 5 },
									"nm": "Transform"
								}
							],
							"nm": "Group 2",
							"np": 3,
							"cix": 2,
							"bm": 0,
							"ix": 2,
							"mn": "ADBE Vector Group",
							"hd": false
						}
					],
					"ip": 0,
					"op": 376,
					"st": 0,
					"bm": 0
				},
				{
					"ddd": 0,
					"ind": 9,
					"ty": 3,
					"nm": "Layer 2",
					"sr": 1,
					"ks": {
						"o": { "a": 0, "k": 100, "ix": 11 },
						"r": { "a": 0, "k": 0, "ix": 10 },
						"p": {
							"a": 1,
							"k": [
								{
									"i": { "x": 0.48, "y": 1 },
									"o": { "x": 0.52, "y": 0 },
									"t": 3,
									"s": [544, 863.026, 0],
									"to": [0, 0, 0],
									"ti": [0, 0, 0]
								},
								{ "t": 15, "s": [544, 519.026, 0] }
							],
							"ix": 2
						},
						"a": { "a": 0, "k": [103.455, 73.481, 0], "ix": 1 },
						"s": { "a": 0, "k": [100, 100, 100], "ix": 6 }
					},
					"ao": 0,
					"ip": 0,
					"op": 376,
					"st": 0,
					"bm": 0
				}
			]
		}
	],
	"layers": [
		{
			"ddd": 0,
			"ind": 1,
			"ty": 4,
			"nm": "Layer 7 Outlines",
			"td": 1,
			"sr": 1,
			"ks": {
				"o": { "a": 0, "k": 100, "ix": 11 },
				"r": { "a": 0, "k": 0, "ix": 10 },
				"p": { "a": 0, "k": [540, 520, 0], "ix": 2 },
				"a": { "a": 0, "k": [207, 207, 0], "ix": 1 },
				"s": { "a": 0, "k": [172, 172, 100], "ix": 6 }
			},
			"ao": 0,
			"shapes": [
				{
					"ty": "gr",
					"it": [
						{
							"ind": 0,
							"ty": "sh",
							"ix": 1,
							"ks": {
								"a": 0,
								"k": {
									"i": [
										[0, 103.277],
										[103.277, 0],
										[0, -103.277],
										[-103.277, 0]
									],
									"o": [
										[0, -103.277],
										[-103.277, 0],
										[0, 103.277],
										[103.277, 0]
									],
									"v": [
										[187, 0],
										[0, -187],
										[-187, 0],
										[0, 187]
									],
									"c": true
								},
								"ix": 2
							},
							"nm": "Path 1",
							"mn": "ADBE Vector Shape - Group",
							"hd": false
						},
						{
							"ty": "st",
							"c": {
								"a": 0,
								"k": [0.289999988032, 0.286000001197, 0.289999988032, 1],
								"ix": 3
							},
							"o": { "a": 0, "k": 100, "ix": 4 },
							"w": { "a": 0, "k": 8, "ix": 5 },
							"lc": 1,
							"lj": 1,
							"ml": 10,
							"bm": 0,
							"nm": "Stroke 1",
							"mn": "ADBE Vector Graphic - Stroke",
							"hd": false
						},
						{
							"ty": "fl",
							"c": {
								"a": 0,
								"k": [0.9254901960784314, 0.1803921568627451, 0.4117647058823529, 1],
								"ix": 4
							},
							"o": { "a": 0, "k": 100, "ix": 5 },
							"r": 1,
							"bm": 0,
							"nm": "Fill 1",
							"mn": "ADBE Vector Graphic - Fill",
							"hd": false
						},
						{
							"ty": "tr",
							"p": { "a": 0, "k": [207, 207], "ix": 2 },
							"a": { "a": 0, "k": [0, 0], "ix": 1 },
							"s": { "a": 0, "k": [100, 100], "ix": 3 },
							"r": { "a": 0, "k": 0, "ix": 6 },
							"o": { "a": 0, "k": 100, "ix": 7 },
							"sk": { "a": 0, "k": 0, "ix": 4 },
							"sa": { "a": 0, "k": 0, "ix": 5 },
							"nm": "Transform"
						}
					],
					"nm": "Group 1",
					"np": 3,
					"cix": 2,
					"bm": 0,
					"ix": 1,
					"mn": "ADBE Vector Group",
					"hd": false
				}
			],
			"ip": 0,
			"op": 376,
			"st": 0,
			"bm": 0
		},
		{
			"ddd": 0,
			"ind": 2,
			"ty": 0,
			"nm": "elemets",
			"tt": 1,
			"refId": "comp_0",
			"sr": 1,
			"ks": {
				"o": { "a": 0, "k": 100, "ix": 11 },
				"r": { "a": 0, "k": 0, "ix": 10 },
				"p": { "a": 0, "k": [540, 540, 0], "ix": 2 },
				"a": { "a": 0, "k": [540, 540, 0], "ix": 1 },
				"s": { "a": 0, "k": [177, 177, 100], "ix": 6 }
			},
			"ao": 0,
			"w": 1080,
			"h": 1080,
			"ip": 0,
			"op": 376,
			"st": 0,
			"bm": 0
		},
		{
			"ddd": 0,
			"ind": 3,
			"ty": 4,
			"nm": "Layer 1 Outlines",
			"sr": 1,
			"ks": {
				"o": { "a": 0, "k": 100, "ix": 11 },
				"r": { "a": 0, "k": 0, "ix": 10 },
				"p": { "a": 0, "k": [540, 520, 0], "ix": 2 },
				"a": { "a": 0, "k": [207, 207, 0], "ix": 1 },
				"s": { "a": 0, "k": [177, 177, 100], "ix": 6 }
			},
			"ao": 0,
			"shapes": [
				{
					"ty": "gr",
					"it": [
						{
							"ind": 0,
							"ty": "sh",
							"ix": 1,
							"ks": {
								"a": 0,
								"k": {
									"i": [
										[0, 103.277],
										[103.277, 0],
										[0, -103.277],
										[-103.277, 0]
									],
									"o": [
										[0, -103.277],
										[-103.277, 0],
										[0, 103.277],
										[103.277, 0]
									],
									"v": [
										[187, 0],
										[0, -187],
										[-187, 0],
										[0, 187]
									],
									"c": true
								},
								"ix": 2
							},
							"nm": "Path 1",
							"mn": "ADBE Vector Shape - Group",
							"hd": false
						},
						{
							"ty": "st",
							"c": {
								"a": 0,
								"k": [0.289999988032, 0.286000001197, 0.289999988032, 1],
								"ix": 3
							},
							"o": { "a": 0, "k": 100, "ix": 4 },
							"w": { "a": 0, "k": 8, "ix": 5 },
							"lc": 1,
							"lj": 1,
							"ml": 10,
							"bm": 0,
							"nm": "Stroke 1",
							"mn": "ADBE Vector Graphic - Stroke",
							"hd": false
						},
						{
							"ty": "fl",
							"c": {
								"a": 0,
								"k": [0.9254901960784314, 0.1803921568627451, 0.4117647058823529, 1],
								"ix": 4
							},
							"o": { "a": 0, "k": 100, "ix": 5 },
							"r": 1,
							"bm": 0,
							"nm": "Fill 1",
							"mn": "ADBE Vector Graphic - Fill",
							"hd": false
						},
						{
							"ty": "tr",
							"p": { "a": 0, "k": [207, 207], "ix": 2 },
							"a": { "a": 0, "k": [0, 0], "ix": 1 },
							"s": { "a": 0, "k": [100, 100], "ix": 3 },
							"r": { "a": 0, "k": 0, "ix": 6 },
							"o": { "a": 0, "k": 100, "ix": 7 },
							"sk": { "a": 0, "k": 0, "ix": 4 },
							"sa": { "a": 0, "k": 0, "ix": 5 },
							"nm": "Transform"
						}
					],
					"nm": "Group 1",
					"np": 3,
					"cix": 2,
					"bm": 0,
					"ix": 1,
					"mn": "ADBE Vector Group",
					"hd": false
				}
			],
			"ip": 0,
			"op": 376,
			"st": 0,
			"bm": 0
		}
	],
	"markers": []
}
