{
	"v": "5.5.9",
	"fr": 60,
	"ip": 0,
	"op": 295,
	"w": 426,
	"h": 290,
	"nm": "search_empty",
	"ddd": 0,
	"assets": [
		{
			"id": "comp_0",
			"layers": [
				{
					"ddd": 0,
					"ind": 1,
					"ty": 4,
					"nm": "mouth",
					"sr": 1,
					"ks": {
						"o": { "a": 0, "k": 100, "ix": 11 },
						"r": { "a": 0, "k": 0, "ix": 10 },
						"p": {
							"a": 1,
							"k": [
								{
									"i": { "x": 0.833, "y": 0.833 },
									"o": { "x": 0.167, "y": 0.167 },
									"t": 44,
									"s": [211, 145, 0],
									"to": [0, 0.667, 0],
									"ti": [0, -0.667, 0]
								},
								{ "t": 69, "s": [211, 149, 0] }
							],
							"ix": 2
						},
						"a": { "a": 0, "k": [0, 0, 0], "ix": 1 },
						"s": {
							"a": 1,
							"k": [
								{
									"i": { "x": [0.833, 0.833, 0.833], "y": [0.833, 0.833, 0.833] },
									"o": { "x": [0.167, 0.167, 0.167], "y": [0.167, 0.167, 0.167] },
									"t": 44,
									"s": [100, 100, 100]
								},
								{ "t": 68, "s": [105, 105, 100] }
							],
							"ix": 6
						}
					},
					"ao": 0,
					"shapes": [
						{
							"ty": "gr",
							"it": [
								{
									"ind": 0,
									"ty": "sh",
									"ix": 1,
									"ks": {
										"a": 0,
										"k": {
											"i": [
												[0.5, 0.25],
												[-1.715, 0.372]
											],
											"o": [
												[-13.025, -6.512],
												[7.5, -1.625]
											],
											"v": [
												[-10, 12.25],
												[-31.75, 12.625]
											],
											"c": true
										},
										"ix": 2
									},
									"nm": "Path 1",
									"mn": "ADBE Vector Shape - Group",
									"hd": false
								},
								{
									"ty": "fl",
									"c": {
										"a": 0,
										"k": [0.454901960784, 0.513725490196, 0.580392156863, 1],
										"ix": 4
									},
									"o": { "a": 0, "k": 100, "ix": 5 },
									"r": 1,
									"bm": 0,
									"nm": "Fill 1",
									"mn": "ADBE Vector Graphic - Fill",
									"hd": false
								},
								{
									"ty": "tr",
									"p": { "a": 0, "k": [0, 0], "ix": 2 },
									"a": { "a": 0, "k": [0, 0], "ix": 1 },
									"s": { "a": 0, "k": [100, 100], "ix": 3 },
									"r": { "a": 0, "k": 0, "ix": 6 },
									"o": { "a": 0, "k": 100, "ix": 7 },
									"sk": { "a": 0, "k": 0, "ix": 4 },
									"sa": { "a": 0, "k": 0, "ix": 5 },
									"nm": "Transform"
								}
							],
							"nm": "Shape 1",
							"np": 3,
							"cix": 2,
							"bm": 0,
							"ix": 1,
							"mn": "ADBE Vector Group",
							"hd": false
						}
					],
					"ip": 0,
					"op": 3600,
					"st": 0,
					"bm": 0
				},
				{
					"ddd": 0,
					"ind": 2,
					"ty": 4,
					"nm": "汗",
					"sr": 1,
					"ks": {
						"o": {
							"a": 1,
							"k": [
								{
									"i": { "x": [0.667], "y": [1] },
									"o": { "x": [0.333], "y": [0] },
									"t": 51,
									"s": [0]
								},
								{ "t": 95, "s": [100] }
							],
							"ix": 11
						},
						"r": { "a": 0, "k": 0, "ix": 10 },
						"p": {
							"a": 1,
							"k": [
								{
									"i": { "x": 0.667, "y": 1 },
									"o": { "x": 0.333, "y": 0 },
									"t": 51,
									"s": [248, 95.252, 0],
									"to": [0, 1.5, 0],
									"ti": [0, -1.5, 0]
								},
								{ "t": 94, "s": [248, 104.252, 0] }
							],
							"ix": 2
						},
						"a": { "a": 0, "k": [0, -19.333, 0], "ix": 1 },
						"s": {
							"a": 1,
							"k": [
								{
									"i": { "x": [0.667, 0.667, 0.667], "y": [1, 1, 1] },
									"o": { "x": [0.333, 0.333, 0.333], "y": [0, 0, 0] },
									"t": 51,
									"s": [40, 40, 100]
								},
								{ "t": 95, "s": [100, 100, 100] }
							],
							"ix": 6
						}
					},
					"ao": 0,
					"shapes": [
						{
							"ty": "gr",
							"it": [
								{
									"ind": 0,
									"ty": "sh",
									"ix": 1,
									"ks": {
										"a": 0,
										"k": {
											"i": [
												[-9.94, 0],
												[0, 7.27],
												[0, 0],
												[0, -7.27]
											],
											"o": [
												[9.94, 0],
												[0, -7.27],
												[0, 0],
												[0, 7.27]
											],
											"v": [
												[0, 19],
												[18, 5.84],
												[0, -19],
												[-18, 5.84]
											],
											"c": true
										},
										"ix": 2
									},
									"nm": "Path 1",
									"mn": "ADBE Vector Shape - Group",
									"hd": false
								},
								{
									"ty": "gf",
									"o": { "a": 0, "k": 100, "ix": 10 },
									"r": 1,
									"bm": 0,
									"g": {
										"p": 3,
										"k": {
											"a": 0,
											"k": [
												0,
												0.69,
												0.976,
												1,
												0.5,
												0.714,
												0.954,
												0.997,
												1,
												0.738,
												0.932,
												0.994
											],
											"ix": 9
										}
									},
									"s": { "a": 0, "k": [0.019, -9.236], "ix": 5 },
									"e": { "a": 0, "k": [10.208, 19], "ix": 6 },
									"t": 1,
									"nm": "Gradient Fill 1",
									"mn": "ADBE Vector Graphic - G-Fill",
									"hd": false
								},
								{
									"ty": "tr",
									"p": { "a": 0, "k": [0, 0], "ix": 2 },
									"a": { "a": 0, "k": [0, 0], "ix": 1 },
									"s": { "a": 0, "k": [100, 100], "ix": 3 },
									"r": { "a": 0, "k": 0, "ix": 6 },
									"o": { "a": 0, "k": 100, "ix": 7 },
									"sk": { "a": 0, "k": 0, "ix": 4 },
									"sa": { "a": 0, "k": 0, "ix": 5 },
									"nm": "Transform"
								}
							],
							"nm": "汗",
							"np": 2,
							"cix": 2,
							"bm": 0,
							"ix": 1,
							"mn": "ADBE Vector Group",
							"hd": false
						}
					],
					"ip": 0,
					"op": 569,
					"st": 0,
					"bm": 0
				},
				{
					"ddd": 0,
					"ind": 3,
					"ty": 4,
					"nm": "eye",
					"parent": 1,
					"sr": 1,
					"ks": {
						"o": { "a": 0, "k": 92, "ix": 11 },
						"r": { "a": 0, "k": 0, "ix": 10 },
						"p": { "a": 0, "k": [-7.064, -11.347, 0], "ix": 2 },
						"a": { "a": 0, "k": [0, 0, 0], "ix": 1 },
						"s": {
							"a": 1,
							"k": [
								{
									"i": { "x": [0.833, 0.833, 0.833], "y": [0.833, 0.833, 0.833] },
									"o": { "x": [0.167, 0.167, 0.167], "y": [0.167, 0.167, 0.167] },
									"t": 0,
									"s": [100, 100, 100]
								},
								{
									"i": { "x": [0.833, 0.833, 0.833], "y": [0.833, 0.833, 0.833] },
									"o": { "x": [0.167, 0.167, 0.167], "y": [0.167, 0.167, 0.167] },
									"t": 3,
									"s": [100, 20, 100]
								},
								{
									"i": { "x": [0.833, 0.833, 0.833], "y": [0.833, 0.833, 0.833] },
									"o": { "x": [0.167, 0.167, 0.167], "y": [0.167, 0.167, 0.167] },
									"t": 6,
									"s": [100, 100, 100]
								},
								{
									"i": { "x": [0.833, 0.833, 0.833], "y": [0.833, 0.833, 0.833] },
									"o": { "x": [0.167, 0.167, 0.167], "y": [0.167, 0.167, 0.167] },
									"t": 9,
									"s": [100, 20, 100]
								},
								{
									"i": { "x": [0.833, 0.833, 0.833], "y": [0.833, 0.833, 0.833] },
									"o": { "x": [0.167, 0.167, 0.167], "y": [0.167, 0.167, 0.167] },
									"t": 12,
									"s": [100, 100, 100]
								},
								{
									"i": { "x": [0.833, 0.833, 0.833], "y": [0.833, 0.833, 0.833] },
									"o": { "x": [0.167, 0.167, 0.167], "y": [0.167, 0.167, 0.167] },
									"t": 50,
									"s": [100, 100, 100]
								},
								{
									"i": { "x": [0.833, 0.833, 0.833], "y": [0.833, 0.833, 0.833] },
									"o": { "x": [0.167, 0.167, 0.167], "y": [0.167, 0.167, 0.167] },
									"t": 53,
									"s": [100, 20, 100]
								},
								{ "t": 56, "s": [100, 100, 100] }
							],
							"ix": 6
						}
					},
					"ao": 0,
					"shapes": [
						{
							"ty": "gr",
							"it": [
								{
									"d": 1,
									"ty": "el",
									"s": { "a": 0, "k": [8.466, 16.135], "ix": 2 },
									"p": { "a": 0, "k": [0, 0], "ix": 3 },
									"nm": "Ellipse Path 1",
									"mn": "ADBE Vector Shape - Ellipse",
									"hd": false
								},
								{
									"ty": "fl",
									"c": { "a": 0, "k": [0, 0, 0, 1], "ix": 4 },
									"o": { "a": 0, "k": 100, "ix": 5 },
									"r": 1,
									"bm": 0,
									"nm": "Fill 1",
									"mn": "ADBE Vector Graphic - Fill",
									"hd": false
								},
								{
									"ty": "tr",
									"p": { "a": 0, "k": [0, 0], "ix": 2 },
									"a": { "a": 0, "k": [0, 0], "ix": 1 },
									"s": { "a": 0, "k": [100, 100], "ix": 3 },
									"r": { "a": 0, "k": 0, "ix": 6 },
									"o": { "a": 0, "k": 100, "ix": 7 },
									"sk": { "a": 0, "k": 0, "ix": 4 },
									"sa": { "a": 0, "k": 0, "ix": 5 },
									"nm": "Transform"
								}
							],
							"nm": "eye",
							"np": 2,
							"cix": 2,
							"bm": 0,
							"ix": 1,
							"mn": "ADBE Vector Group",
							"hd": false
						}
					],
					"ip": 0,
					"op": 569,
					"st": 0,
					"bm": 0
				},
				{
					"ddd": 0,
					"ind": 4,
					"ty": 4,
					"nm": "eye",
					"parent": 1,
					"sr": 1,
					"ks": {
						"o": { "a": 0, "k": 92, "ix": 11 },
						"r": { "a": 0, "k": 0, "ix": 10 },
						"p": { "a": 0, "k": [-33.767, -11.347, 0], "ix": 2 },
						"a": { "a": 0, "k": [0, 0, 0], "ix": 1 },
						"s": {
							"a": 1,
							"k": [
								{
									"i": { "x": [0.833, 0.833, 0.833], "y": [0.833, 0.833, 0.833] },
									"o": { "x": [0.167, 0.167, 0.167], "y": [0.167, 0.167, 0.167] },
									"t": 0,
									"s": [100, 100, 100]
								},
								{
									"i": { "x": [0.833, 0.833, 0.833], "y": [0.833, 0.833, 0.833] },
									"o": { "x": [0.167, 0.167, 0.167], "y": [0.167, 0.167, 0.167] },
									"t": 3,
									"s": [100, 20, 100]
								},
								{
									"i": { "x": [0.833, 0.833, 0.833], "y": [0.833, 0.833, 0.833] },
									"o": { "x": [0.167, 0.167, 0.167], "y": [0.167, 0.167, 0.167] },
									"t": 6,
									"s": [100, 100, 100]
								},
								{
									"i": { "x": [0.833, 0.833, 0.833], "y": [0.833, 0.833, 0.833] },
									"o": { "x": [0.167, 0.167, 0.167], "y": [0.167, 0.167, 0.167] },
									"t": 9,
									"s": [100, 20, 100]
								},
								{
									"i": { "x": [0.833, 0.833, 0.833], "y": [0.833, 0.833, 0.833] },
									"o": { "x": [0.167, 0.167, 0.167], "y": [0.167, 0.167, 0.167] },
									"t": 12,
									"s": [100, 100, 100]
								},
								{
									"i": { "x": [0.833, 0.833, 0.833], "y": [0.833, 0.833, 0.833] },
									"o": { "x": [0.167, 0.167, 0.167], "y": [0.167, 0.167, 0.167] },
									"t": 50,
									"s": [100, 100, 100]
								},
								{
									"i": { "x": [0.833, 0.833, 0.833], "y": [0.833, 0.833, 0.833] },
									"o": { "x": [0.167, 0.167, 0.167], "y": [0.167, 0.167, 0.167] },
									"t": 53,
									"s": [100, 20, 100]
								},
								{ "t": 56, "s": [100, 100, 100] }
							],
							"ix": 6
						}
					},
					"ao": 0,
					"shapes": [
						{
							"ty": "gr",
							"it": [
								{
									"d": 1,
									"ty": "el",
									"s": { "a": 0, "k": [8.466, 16.135], "ix": 2 },
									"p": { "a": 0, "k": [0, 0], "ix": 3 },
									"nm": "Ellipse Path 1",
									"mn": "ADBE Vector Shape - Ellipse",
									"hd": false
								},
								{
									"ty": "fl",
									"c": { "a": 0, "k": [0, 0, 0, 1], "ix": 4 },
									"o": { "a": 0, "k": 100, "ix": 5 },
									"r": 1,
									"bm": 0,
									"nm": "Fill 1",
									"mn": "ADBE Vector Graphic - Fill",
									"hd": false
								},
								{
									"ty": "tr",
									"p": { "a": 0, "k": [0, 0], "ix": 2 },
									"a": { "a": 0, "k": [0, 0], "ix": 1 },
									"s": { "a": 0, "k": [100, 100], "ix": 3 },
									"r": { "a": 0, "k": 0, "ix": 6 },
									"o": { "a": 0, "k": 100, "ix": 7 },
									"sk": { "a": 0, "k": 0, "ix": 4 },
									"sa": { "a": 0, "k": 0, "ix": 5 },
									"nm": "Transform"
								}
							],
							"nm": "eye",
							"np": 2,
							"cix": 2,
							"bm": 0,
							"ix": 1,
							"mn": "ADBE Vector Group",
							"hd": false
						}
					],
					"ip": 0,
					"op": 569,
					"st": 0,
					"bm": 0
				},
				{
					"ddd": 0,
					"ind": 5,
					"ty": 0,
					"nm": "magnifier",
					"refId": "comp_1",
					"sr": 1,
					"ks": {
						"o": { "a": 0, "k": 100, "ix": 11 },
						"r": { "a": 0, "k": 0, "ix": 10 },
						"p": { "a": 0, "k": [213, 145, 0], "ix": 2 },
						"a": { "a": 0, "k": [213, 145, 0], "ix": 1 },
						"s": { "a": 0, "k": [100, 100, 100], "ix": 6 }
					},
					"ao": 0,
					"w": 426,
					"h": 290,
					"ip": 0,
					"op": 569,
					"st": 0,
					"bm": 0
				}
			]
		},
		{
			"id": "comp_1",
			"layers": [
				{
					"ddd": 0,
					"ind": 1,
					"ty": 4,
					"nm": "Shape Layer 1",
					"sr": 1,
					"ks": {
						"o": { "a": 0, "k": 100, "ix": 11 },
						"r": { "a": 0, "k": 0, "ix": 10 },
						"p": { "a": 0, "k": [213, 145, 0], "ix": 2 },
						"a": { "a": 0, "k": [0, 0, 0], "ix": 1 },
						"s": { "a": 0, "k": [100, 100, 100], "ix": 6 }
					},
					"ao": 0,
					"shapes": [
						{
							"ty": "gr",
							"it": [
								{
									"ty": "st",
									"c": {
										"a": 0,
										"k": [0.435294117647, 0.498039215686, 0.564705882353, 1],
										"ix": 3
									},
									"o": { "a": 0, "k": 100, "ix": 4 },
									"w": { "a": 0, "k": 2, "ix": 5 },
									"lc": 1,
									"lj": 1,
									"ml": 4,
									"bm": 0,
									"nm": "Stroke 1",
									"mn": "ADBE Vector Graphic - Stroke",
									"hd": false
								},
								{
									"ty": "tr",
									"p": { "a": 0, "k": [0, 0], "ix": 2 },
									"a": { "a": 0, "k": [0, 0], "ix": 1 },
									"s": { "a": 0, "k": [100, 100], "ix": 3 },
									"r": { "a": 0, "k": 0, "ix": 6 },
									"o": { "a": 0, "k": 100, "ix": 7 },
									"sk": { "a": 0, "k": 0, "ix": 4 },
									"sa": { "a": 0, "k": 0, "ix": 5 },
									"nm": "Transform"
								}
							],
							"nm": "Shape 1",
							"np": 2,
							"cix": 2,
							"bm": 0,
							"ix": 1,
							"mn": "ADBE Vector Group",
							"hd": false
						}
					],
					"ip": 0,
					"op": 3600,
					"st": 0,
					"bm": 0
				},
				{
					"ddd": 0,
					"ind": 3,
					"ty": 4,
					"nm": "橢圓形",
					"sr": 1,
					"ks": {
						"o": { "a": 0, "k": 100, "ix": 11 },
						"r": { "a": 0, "k": -5, "ix": 10 },
						"p": { "a": 0, "k": [190.106, 142.222, 0], "ix": 2 },
						"a": { "a": 0, "k": [0, 0, 0], "ix": 1 },
						"s": { "a": 0, "k": [100, 100, 100], "ix": 6 }
					},
					"ao": 0,
					"shapes": [
						{
							"ty": "gr",
							"it": [
								{
									"d": 1,
									"ty": "el",
									"s": { "a": 0, "k": [99.994, 100.091], "ix": 2 },
									"p": { "a": 0, "k": [0, 0], "ix": 3 },
									"nm": "Ellipse Path 1",
									"mn": "ADBE Vector Shape - Ellipse",
									"hd": false
								},
								{
									"ty": "fl",
									"c": { "a": 0, "k": [1, 1, 1, 1], "ix": 4 },
									"o": { "a": 0, "k": 100, "ix": 5 },
									"r": 1,
									"bm": 0,
									"nm": "Fill 1",
									"mn": "ADBE Vector Graphic - Fill",
									"hd": false
								},
								{
									"ty": "tr",
									"p": { "a": 0, "k": [0, 0], "ix": 2 },
									"a": { "a": 0, "k": [0, 0], "ix": 1 },
									"s": { "a": 0, "k": [100, 100], "ix": 3 },
									"r": { "a": 0, "k": -40, "ix": 6 },
									"o": { "a": 0, "k": 100, "ix": 7 },
									"sk": { "a": 0, "k": 0, "ix": 4 },
									"sa": { "a": 0, "k": 0, "ix": 5 },
									"nm": "Transform"
								}
							],
							"nm": "橢圓形",
							"np": 2,
							"cix": 2,
							"bm": 0,
							"ix": 1,
							"mn": "ADBE Vector Group",
							"hd": false
						}
					],
					"ip": 0,
					"op": 3600,
					"st": 0,
					"bm": 0
				},
				{
					"ddd": 0,
					"ind": 4,
					"ty": 4,
					"nm": "橢圓形",
					"sr": 1,
					"ks": {
						"o": { "a": 0, "k": 100, "ix": 11 },
						"r": { "a": 0, "k": -5, "ix": 10 },
						"p": { "a": 0, "k": [192.013, 142.223, 0], "ix": 2 },
						"a": { "a": 0, "k": [0, 0, 0], "ix": 1 },
						"s": { "a": 0, "k": [100, 100, 100], "ix": 6 }
					},
					"ao": 0,
					"shapes": [
						{
							"ty": "gr",
							"it": [
								{
									"ind": 0,
									"ty": "sh",
									"ix": 1,
									"ks": {
										"a": 0,
										"k": {
											"i": [
												[-26.81, 22.62],
												[22.49, 26.96],
												[26.8, -22.62],
												[-22.5, -26.95]
											],
											"o": [
												[26.81, -22.62],
												[-22.49, -26.96],
												[-26.81, 22.62],
												[22.49, 26.96]
											],
											"v": [
												[40.727, 48.812],
												[48.537, -40.958],
												[-40.723, -48.808],
												[-48.533, 40.952]
											],
											"c": true
										},
										"ix": 2
									},
									"nm": "Path 1",
									"mn": "ADBE Vector Shape - Group",
									"hd": false
								},
								{
									"ty": "fl",
									"c": {
										"a": 0,
										"k": [0.6941176470588235, 0.6941176470588235, 0.7137254901960784, 1],
										"ix": 4
									},
									"o": { "a": 0, "k": 100, "ix": 5 },
									"r": 1,
									"bm": 0,
									"nm": "Fill 1",
									"mn": "ADBE Vector Graphic - Fill",
									"hd": false
								},
								{
									"ty": "tr",
									"p": { "a": 0, "k": [0, 0], "ix": 2 },
									"a": { "a": 0, "k": [0, 0], "ix": 1 },
									"s": { "a": 0, "k": [100, 100], "ix": 3 },
									"r": { "a": 0, "k": 0, "ix": 6 },
									"o": { "a": 0, "k": 100, "ix": 7 },
									"sk": { "a": 0, "k": 0, "ix": 4 },
									"sa": { "a": 0, "k": 0, "ix": 5 },
									"nm": "Transform"
								}
							],
							"nm": "橢圓形",
							"np": 2,
							"cix": 2,
							"bm": 0,
							"ix": 1,
							"mn": "ADBE Vector Group",
							"hd": false
						}
					],
					"ip": 0,
					"op": 3600,
					"st": 0,
					"bm": 0
				},
				{
					"ddd": 0,
					"ind": 5,
					"ty": 4,
					"nm": "矩形",
					"sr": 1,
					"ks": {
						"o": { "a": 0, "k": 100, "ix": 11 },
						"r": { "a": 0, "k": -5, "ix": 10 },
						"p": { "a": 0, "k": [268.024, 226.941, 0], "ix": 2 },
						"a": { "a": 0, "k": [0, 0, 0], "ix": 1 },
						"s": { "a": 0, "k": [100, 100, 100], "ix": 6 }
					},
					"ao": 0,
					"shapes": [
						{
							"ty": "gr",
							"it": [
								{
									"ty": "rc",
									"d": 1,
									"s": { "a": 0, "k": [42.094, 74.507], "ix": 2 },
									"p": { "a": 0, "k": [0, 0], "ix": 3 },
									"r": { "a": 0, "k": 10, "ix": 4 },
									"nm": "Rectangle Path 1",
									"mn": "ADBE Vector Shape - Rect",
									"hd": false
								},
								{
									"ty": "fl",
									"c": {
										"a": 0,
										"k": [0.7490196078431373, 0.7490196078431373, 0.7803921568627451, 1],
										"ix": 4
									},
									"o": { "a": 0, "k": 100, "ix": 5 },
									"r": 1,
									"bm": 0,
									"nm": "Fill 1",
									"mn": "ADBE Vector Graphic - Fill",
									"hd": false
								},
								{
									"ty": "tr",
									"p": { "a": 0, "k": [0, 0], "ix": 2 },
									"a": { "a": 0, "k": [0, 0], "ix": 1 },
									"s": { "a": 0, "k": [100, 100], "ix": 3 },
									"r": { "a": 0, "k": -40, "ix": 6 },
									"o": { "a": 0, "k": 100, "ix": 7 },
									"sk": { "a": 0, "k": 0, "ix": 4 },
									"sa": { "a": 0, "k": 0, "ix": 5 },
									"nm": "Transform"
								}
							],
							"nm": "矩形",
							"np": 2,
							"cix": 2,
							"bm": 0,
							"ix": 1,
							"mn": "ADBE Vector Group",
							"hd": false
						}
					],
					"ip": 0,
					"op": 3600,
					"st": 0,
					"bm": 0
				},
				{
					"ddd": 0,
					"ind": 6,
					"ty": 4,
					"nm": "矩形",
					"sr": 1,
					"ks": {
						"o": { "a": 0, "k": 100, "ix": 11 },
						"r": { "a": 0, "k": -5, "ix": 10 },
						"p": { "a": 0, "k": [238.933, 197.25, 0], "ix": 2 },
						"a": { "a": 0, "k": [0, 0, 0], "ix": 1 },
						"s": { "a": 0, "k": [100, 100, 100], "ix": 6 }
					},
					"ao": 0,
					"shapes": [
						{
							"ty": "gr",
							"it": [
								{
									"ty": "rc",
									"d": 1,
									"s": { "a": 0, "k": [24.446, 44.702], "ix": 2 },
									"p": { "a": 0, "k": [0, 0], "ix": 3 },
									"r": { "a": 0, "k": 0, "ix": 4 },
									"nm": "Rectangle Path 1",
									"mn": "ADBE Vector Shape - Rect",
									"hd": false
								},
								{
									"ty": "fl",
									"c": {
										"a": 0,
										"k": [0.847000002861, 0.847000002861, 0.847000002861, 1],
										"ix": 4
									},
									"o": { "a": 0, "k": 100, "ix": 5 },
									"r": 1,
									"bm": 0,
									"nm": "Fill 1",
									"mn": "ADBE Vector Graphic - Fill",
									"hd": false
								},
								{
									"ty": "tr",
									"p": { "a": 0, "k": [0, 0], "ix": 2 },
									"a": { "a": 0, "k": [0, 0], "ix": 1 },
									"s": { "a": 0, "k": [100, 100], "ix": 3 },
									"r": { "a": 0, "k": -40, "ix": 6 },
									"o": { "a": 0, "k": 100, "ix": 7 },
									"sk": { "a": 0, "k": 0, "ix": 4 },
									"sa": { "a": 0, "k": 0, "ix": 5 },
									"nm": "Transform"
								}
							],
							"nm": "矩形",
							"np": 2,
							"cix": 2,
							"bm": 0,
							"ix": 1,
							"mn": "ADBE Vector Group",
							"hd": false
						}
					],
					"ip": 0,
					"op": 3600,
					"st": 0,
					"bm": 0
				}
			]
		},
		{
			"id": "comp_2",
			"layers": [
				{
					"ddd": 0,
					"ind": 1,
					"ty": 4,
					"nm": "合併形狀",
					"sr": 1,
					"ks": {
						"o": { "a": 0, "k": 100, "ix": 11 },
						"r": {
							"a": 1,
							"k": [
								{
									"i": { "x": [0.833], "y": [0.833] },
									"o": { "x": [0.167], "y": [0.167] },
									"t": 60,
									"s": [0]
								},
								{ "t": 265, "s": [360] }
							],
							"ix": 10
						},
						"p": { "a": 0, "k": [208, 27, 0], "ix": 2 },
						"a": { "a": 0, "k": [0, 0, 0], "ix": 1 },
						"s": { "a": 0, "k": [100, 100, 100], "ix": 6 }
					},
					"ao": 0,
					"shapes": [
						{
							"ty": "gr",
							"it": [
								{
									"ty": "rc",
									"d": 1,
									"s": { "a": 0, "k": [16, 2], "ix": 2 },
									"p": { "a": 0, "k": [0, 0], "ix": 3 },
									"r": { "a": 0, "k": 0, "ix": 4 },
									"nm": "Rectangle Path 1",
									"mn": "ADBE Vector Shape - Rect",
									"hd": false
								},
								{
									"ty": "rc",
									"d": 1,
									"s": { "a": 0, "k": [2, 18], "ix": 2 },
									"p": { "a": 0, "k": [0, 0], "ix": 3 },
									"r": { "a": 0, "k": 0, "ix": 4 },
									"nm": "Rectangle Path 2",
									"mn": "ADBE Vector Shape - Rect",
									"hd": false
								},
								{
									"ty": "mm",
									"mm": 2,
									"nm": "Merge Paths 1",
									"mn": "ADBE Vector Filter - Merge",
									"hd": false
								},
								{
									"ty": "fl",
									"c": {
										"a": 0,
										"k": [0.796078026295, 0.835294008255, 0.843137025833, 1],
										"ix": 4
									},
									"o": { "a": 0, "k": 100, "ix": 5 },
									"r": 1,
									"bm": 0,
									"nm": "Fill 1",
									"mn": "ADBE Vector Graphic - Fill",
									"hd": false
								},
								{
									"ty": "tr",
									"p": { "a": 0, "k": [0, 0], "ix": 2 },
									"a": { "a": 0, "k": [0, 0], "ix": 1 },
									"s": { "a": 0, "k": [100, 100], "ix": 3 },
									"r": { "a": 0, "k": 0, "ix": 6 },
									"o": { "a": 0, "k": 100, "ix": 7 },
									"sk": { "a": 0, "k": 0, "ix": 4 },
									"sa": { "a": 0, "k": 0, "ix": 5 },
									"nm": "Transform"
								}
							],
							"nm": "合併形狀",
							"np": 4,
							"cix": 2,
							"bm": 0,
							"ix": 1,
							"mn": "ADBE Vector Group",
							"hd": false
						}
					],
					"ip": 0,
					"op": 3600,
					"st": 0,
					"bm": 0
				},
				{
					"ddd": 0,
					"ind": 2,
					"ty": 4,
					"nm": "合併形狀",
					"sr": 1,
					"ks": {
						"o": { "a": 0, "k": 100, "ix": 11 },
						"r": {
							"a": 1,
							"k": [
								{
									"i": { "x": [0.833], "y": [0.833] },
									"o": { "x": [0.167], "y": [0.167] },
									"t": 5,
									"s": [0]
								},
								{ "t": 358, "s": [360] }
							],
							"ix": 10
						},
						"p": { "a": 0, "k": [418, 107, 0], "ix": 2 },
						"a": { "a": 0, "k": [0, 0, 0], "ix": 1 },
						"s": { "a": 0, "k": [100, 100, 100], "ix": 6 }
					},
					"ao": 0,
					"shapes": [
						{
							"ty": "gr",
							"it": [
								{
									"ty": "rc",
									"d": 1,
									"s": { "a": 0, "k": [16, 2], "ix": 2 },
									"p": { "a": 0, "k": [0, 0], "ix": 3 },
									"r": { "a": 0, "k": 0, "ix": 4 },
									"nm": "Rectangle Path 1",
									"mn": "ADBE Vector Shape - Rect",
									"hd": false
								},
								{
									"ty": "rc",
									"d": 1,
									"s": { "a": 0, "k": [2, 18], "ix": 2 },
									"p": { "a": 0, "k": [0, 0], "ix": 3 },
									"r": { "a": 0, "k": 0, "ix": 4 },
									"nm": "Rectangle Path 2",
									"mn": "ADBE Vector Shape - Rect",
									"hd": false
								},
								{
									"ty": "mm",
									"mm": 2,
									"nm": "Merge Paths 1",
									"mn": "ADBE Vector Filter - Merge",
									"hd": false
								},
								{
									"ty": "fl",
									"c": {
										"a": 0,
										"k": [0.796078026295, 0.835294008255, 0.843137025833, 1],
										"ix": 4
									},
									"o": { "a": 0, "k": 100, "ix": 5 },
									"r": 1,
									"bm": 0,
									"nm": "Fill 1",
									"mn": "ADBE Vector Graphic - Fill",
									"hd": false
								},
								{
									"ty": "tr",
									"p": { "a": 0, "k": [0, 0], "ix": 2 },
									"a": { "a": 0, "k": [0, 0], "ix": 1 },
									"s": { "a": 0, "k": [100, 100], "ix": 3 },
									"r": { "a": 0, "k": 0, "ix": 6 },
									"o": { "a": 0, "k": 100, "ix": 7 },
									"sk": { "a": 0, "k": 0, "ix": 4 },
									"sa": { "a": 0, "k": 0, "ix": 5 },
									"nm": "Transform"
								}
							],
							"nm": "合併形狀",
							"np": 4,
							"cix": 2,
							"bm": 0,
							"ix": 1,
							"mn": "ADBE Vector Group",
							"hd": false
						}
					],
					"ip": 0,
					"op": 3600,
					"st": 0,
					"bm": 0
				},
				{
					"ddd": 0,
					"ind": 3,
					"ty": 4,
					"nm": "合併形狀",
					"sr": 1,
					"ks": {
						"o": { "a": 0, "k": 100, "ix": 11 },
						"r": {
							"a": 1,
							"k": [
								{
									"i": { "x": [0.833], "y": [0.833] },
									"o": { "x": [0.167], "y": [0.167] },
									"t": 5,
									"s": [0]
								},
								{ "t": 281, "s": [360] }
							],
							"ix": 10
						},
						"p": { "a": 0, "k": [31, 196, 0], "ix": 2 },
						"a": { "a": 0, "k": [0, 0, 0], "ix": 1 },
						"s": { "a": 0, "k": [100, 100, 100], "ix": 6 }
					},
					"ao": 0,
					"shapes": [
						{
							"ty": "gr",
							"it": [
								{
									"ty": "rc",
									"d": 1,
									"s": { "a": 0, "k": [16, 2], "ix": 2 },
									"p": { "a": 0, "k": [0, 0], "ix": 3 },
									"r": { "a": 0, "k": 0, "ix": 4 },
									"nm": "Rectangle Path 1",
									"mn": "ADBE Vector Shape - Rect",
									"hd": false
								},
								{
									"ty": "rc",
									"d": 1,
									"s": { "a": 0, "k": [2, 18], "ix": 2 },
									"p": { "a": 0, "k": [0, 0], "ix": 3 },
									"r": { "a": 0, "k": 0, "ix": 4 },
									"nm": "Rectangle Path 2",
									"mn": "ADBE Vector Shape - Rect",
									"hd": false
								},
								{
									"ty": "mm",
									"mm": 2,
									"nm": "Merge Paths 1",
									"mn": "ADBE Vector Filter - Merge",
									"hd": false
								},
								{
									"ty": "fl",
									"c": {
										"a": 0,
										"k": [0.796078026295, 0.835294008255, 0.843137025833, 1],
										"ix": 4
									},
									"o": { "a": 0, "k": 100, "ix": 5 },
									"r": 1,
									"bm": 0,
									"nm": "Fill 1",
									"mn": "ADBE Vector Graphic - Fill",
									"hd": false
								},
								{
									"ty": "tr",
									"p": { "a": 0, "k": [0, 0], "ix": 2 },
									"a": { "a": 0, "k": [0, 0], "ix": 1 },
									"s": { "a": 0, "k": [100, 100], "ix": 3 },
									"r": { "a": 0, "k": 0, "ix": 6 },
									"o": { "a": 0, "k": 100, "ix": 7 },
									"sk": { "a": 0, "k": 0, "ix": 4 },
									"sa": { "a": 0, "k": 0, "ix": 5 },
									"nm": "Transform"
								}
							],
							"nm": "合併形狀",
							"np": 4,
							"cix": 2,
							"bm": 0,
							"ix": 1,
							"mn": "ADBE Vector Group",
							"hd": false
						}
					],
					"ip": 0,
					"op": 3600,
					"st": 0,
					"bm": 0
				},
				{
					"ddd": 0,
					"ind": 4,
					"ty": 4,
					"nm": "橢圓形",
					"sr": 1,
					"ks": {
						"o": { "a": 0, "k": 100, "ix": 11 },
						"r": {
							"a": 1,
							"k": [
								{
									"i": { "x": [0.833], "y": [0.833] },
									"o": { "x": [0.167], "y": [0.167] },
									"t": 0,
									"s": [0]
								},
								{ "t": 281, "s": [360] }
							],
							"ix": 10
						},
						"p": { "a": 0, "k": [70, 33, 0], "ix": 2 },
						"a": { "a": 0, "k": [0, 0, 0], "ix": 1 },
						"s": { "a": 0, "k": [100, 100, 100], "ix": 6 }
					},
					"ao": 0,
					"shapes": [
						{
							"ty": "gr",
							"it": [
								{
									"d": 1,
									"ty": "el",
									"s": { "a": 0, "k": [24, 24], "ix": 2 },
									"p": { "a": 0, "k": [0, 0], "ix": 3 },
									"nm": "Ellipse Path 1",
									"mn": "ADBE Vector Shape - Ellipse",
									"hd": false
								},
								{
									"ty": "st",
									"c": {
										"a": 0,
										"k": [0.701960980892, 0.756862998009, 0.776471018791, 1],
										"ix": 3
									},
									"o": { "a": 0, "k": 100, "ix": 4 },
									"w": { "a": 0, "k": 2, "ix": 5 },
									"lc": 1,
									"lj": 1,
									"ml": 4,
									"bm": 0,
									"nm": "Stroke 1",
									"mn": "ADBE Vector Graphic - Stroke",
									"hd": false
								},
								{
									"ty": "tr",
									"p": { "a": 0, "k": [0, 0], "ix": 2 },
									"a": { "a": 0, "k": [0, 0], "ix": 1 },
									"s": { "a": 0, "k": [100, 100], "ix": 3 },
									"r": { "a": 0, "k": 0, "ix": 6 },
									"o": { "a": 0, "k": 100, "ix": 7 },
									"sk": { "a": 0, "k": 0, "ix": 4 },
									"sa": { "a": 0, "k": 0, "ix": 5 },
									"nm": "Transform"
								}
							],
							"nm": "橢圓形",
							"np": 2,
							"cix": 2,
							"bm": 0,
							"ix": 1,
							"mn": "ADBE Vector Group",
							"hd": false
						}
					],
					"ip": 0,
					"op": 3600,
					"st": 0,
					"bm": 0
				}
			]
		},
		{
			"id": "comp_3",
			"layers": [
				{
					"ddd": 0,
					"ind": 1,
					"ty": 4,
					"nm": "橢圓形",
					"sr": 1,
					"ks": {
						"o": { "a": 0, "k": 100, "ix": 11 },
						"r": { "a": 0, "k": 0, "ix": 10 },
						"p": { "a": 0, "k": [306, 9, 0], "ix": 2 },
						"a": { "a": 0, "k": [0, 0, 0], "ix": 1 },
						"s": { "a": 0, "k": [100, 100, 100], "ix": 6 }
					},
					"ao": 0,
					"shapes": [
						{
							"ty": "gr",
							"it": [
								{
									"d": 1,
									"ty": "el",
									"s": { "a": 0, "k": [16, 16], "ix": 2 },
									"p": { "a": 0, "k": [0, 0], "ix": 3 },
									"nm": "Ellipse Path 1",
									"mn": "ADBE Vector Shape - Ellipse",
									"hd": false
								},
								{
									"ty": "st",
									"c": {
										"a": 0,
										"k": [0.701960980892, 0.756862998009, 0.776471018791, 1],
										"ix": 3
									},
									"o": { "a": 0, "k": 100, "ix": 4 },
									"w": { "a": 0, "k": 2, "ix": 5 },
									"lc": 1,
									"lj": 1,
									"ml": 4,
									"bm": 0,
									"nm": "Stroke 1",
									"mn": "ADBE Vector Graphic - Stroke",
									"hd": false
								},
								{
									"ty": "tr",
									"p": { "a": 0, "k": [0, 0], "ix": 2 },
									"a": { "a": 0, "k": [0, 0], "ix": 1 },
									"s": { "a": 0, "k": [100, 100], "ix": 3 },
									"r": { "a": 0, "k": 0, "ix": 6 },
									"o": { "a": 0, "k": 100, "ix": 7 },
									"sk": { "a": 0, "k": 0, "ix": 4 },
									"sa": { "a": 0, "k": 0, "ix": 5 },
									"nm": "Transform"
								}
							],
							"nm": "橢圓形",
							"np": 2,
							"cix": 2,
							"bm": 0,
							"ix": 1,
							"mn": "ADBE Vector Group",
							"hd": false
						}
					],
					"ip": 0,
					"op": 3600,
					"st": 0,
					"bm": 0
				},
				{
					"ddd": 0,
					"ind": 2,
					"ty": 4,
					"nm": "橢圓形",
					"sr": 1,
					"ks": {
						"o": { "a": 0, "k": 100, "ix": 11 },
						"r": { "a": 0, "k": 0, "ix": 10 },
						"p": { "a": 0, "k": [376, 179, 0], "ix": 2 },
						"a": { "a": 0, "k": [0, 0, 0], "ix": 1 },
						"s": { "a": 0, "k": [100, 100, 100], "ix": 6 }
					},
					"ao": 0,
					"shapes": [
						{
							"ty": "gr",
							"it": [
								{
									"d": 1,
									"ty": "el",
									"s": { "a": 0, "k": [16, 16], "ix": 2 },
									"p": { "a": 0, "k": [0, 0], "ix": 3 },
									"nm": "Ellipse Path 1",
									"mn": "ADBE Vector Shape - Ellipse",
									"hd": false
								},
								{
									"ty": "fl",
									"c": {
										"a": 0,
										"k": [0.701960980892, 0.768626987934, 0.776471018791, 1],
										"ix": 4
									},
									"o": { "a": 0, "k": 100, "ix": 5 },
									"r": 1,
									"bm": 0,
									"nm": "Fill 1",
									"mn": "ADBE Vector Graphic - Fill",
									"hd": false
								},
								{
									"ty": "tr",
									"p": { "a": 0, "k": [0, 0], "ix": 2 },
									"a": { "a": 0, "k": [0, 0], "ix": 1 },
									"s": { "a": 0, "k": [100, 100], "ix": 3 },
									"r": { "a": 0, "k": 0, "ix": 6 },
									"o": { "a": 0, "k": 100, "ix": 7 },
									"sk": { "a": 0, "k": 0, "ix": 4 },
									"sa": { "a": 0, "k": 0, "ix": 5 },
									"nm": "Transform"
								}
							],
							"nm": "橢圓形",
							"np": 2,
							"cix": 2,
							"bm": 0,
							"ix": 1,
							"mn": "ADBE Vector Group",
							"hd": false
						}
					],
					"ip": 0,
					"op": 3600,
					"st": 0,
					"bm": 0
				},
				{
					"ddd": 0,
					"ind": 3,
					"ty": 4,
					"nm": "橢圓形",
					"sr": 1,
					"ks": {
						"o": { "a": 0, "k": 100, "ix": 11 },
						"r": { "a": 0, "k": 0, "ix": 10 },
						"p": { "a": 0, "k": [8, 115, 0], "ix": 2 },
						"a": { "a": 0, "k": [0, 0, 0], "ix": 1 },
						"s": { "a": 0, "k": [100, 100, 100], "ix": 6 }
					},
					"ao": 0,
					"shapes": [
						{
							"ty": "gr",
							"it": [
								{
									"d": 1,
									"ty": "el",
									"s": { "a": 0, "k": [16, 16], "ix": 2 },
									"p": { "a": 0, "k": [0, 0], "ix": 3 },
									"nm": "Ellipse Path 1",
									"mn": "ADBE Vector Shape - Ellipse",
									"hd": false
								},
								{
									"ty": "fl",
									"c": {
										"a": 0,
										"k": [0.701960980892, 0.768626987934, 0.776471018791, 1],
										"ix": 4
									},
									"o": { "a": 0, "k": 100, "ix": 5 },
									"r": 1,
									"bm": 0,
									"nm": "Fill 1",
									"mn": "ADBE Vector Graphic - Fill",
									"hd": false
								},
								{
									"ty": "tr",
									"p": { "a": 0, "k": [0, 0], "ix": 2 },
									"a": { "a": 0, "k": [0, 0], "ix": 1 },
									"s": { "a": 0, "k": [100, 100], "ix": 3 },
									"r": { "a": 0, "k": 0, "ix": 6 },
									"o": { "a": 0, "k": 100, "ix": 7 },
									"sk": { "a": 0, "k": 0, "ix": 4 },
									"sa": { "a": 0, "k": 0, "ix": 5 },
									"nm": "Transform"
								}
							],
							"nm": "橢圓形",
							"np": 2,
							"cix": 2,
							"bm": 0,
							"ix": 1,
							"mn": "ADBE Vector Group",
							"hd": false
						}
					],
					"ip": 0,
					"op": 3600,
					"st": 0,
					"bm": 0
				}
			]
		}
	],
	"layers": [
		{
			"ddd": 0,
			"ind": 1,
			"ty": 4,
			"nm": "shadow",
			"sr": 1,
			"ks": {
				"o": { "a": 0, "k": 100, "ix": 11 },
				"r": { "a": 0, "k": 0, "ix": 10 },
				"p": { "a": 0, "k": [191, 145, 0], "ix": 2 },
				"a": { "a": 0, "k": [0, 0, 0], "ix": 1 },
				"s": {
					"a": 1,
					"k": [
						{
							"i": { "x": [0.833, 0.833, 0.833], "y": [0.833, 0.833, 0.833] },
							"o": { "x": [0.167, 0.167, 0.167], "y": [0.167, 0.167, 0.167] },
							"t": 0,
							"s": [70, 100, 100]
						},
						{
							"i": { "x": [0.833, 0.833, 0.833], "y": [0.833, 0.833, 0.833] },
							"o": { "x": [0.167, 0.167, 0.167], "y": [0.167, 0.167, 0.167] },
							"t": 30,
							"s": [50, 100, 100]
						},
						{
							"i": { "x": [0.833, 0.833, 0.833], "y": [0.833, 0.833, 0.833] },
							"o": { "x": [0.167, 0.167, 0.167], "y": [0.167, 0.167, 0.167] },
							"t": 60,
							"s": [70, 100, 100]
						},
						{
							"i": { "x": [0.833, 0.833, 0.833], "y": [0.833, 0.833, 0.833] },
							"o": { "x": [0.167, 0.167, 0.167], "y": [0.167, 0.167, 0.167] },
							"t": 90,
							"s": [50, 100, 100]
						},
						{
							"i": { "x": [0.833, 0.833, 0.833], "y": [0.833, 0.833, 0.833] },
							"o": { "x": [0.167, 0.167, 0.167], "y": [0.167, 0.167, 0.167] },
							"t": 120,
							"s": [70, 100, 100]
						},
						{
							"i": { "x": [0.833, 0.833, 0.833], "y": [0.833, 0.833, 0.833] },
							"o": { "x": [0.167, 0.167, 0.167], "y": [0.167, 0.167, 0.167] },
							"t": 150,
							"s": [50, 100, 100]
						},
						{
							"i": { "x": [0.833, 0.833, 0.833], "y": [0.833, 0.833, 0.833] },
							"o": { "x": [0.167, 0.167, 0.167], "y": [0.167, 0.167, 0.167] },
							"t": 180,
							"s": [70, 100, 100]
						},
						{
							"i": { "x": [0.833, 0.833, 0.833], "y": [0.833, 0.833, 0.833] },
							"o": { "x": [0.167, 0.167, 0.167], "y": [0.167, 0.167, 0.167] },
							"t": 210,
							"s": [50, 100, 100]
						},
						{
							"i": { "x": [0.833, 0.833, 0.833], "y": [0.833, 0.833, 0.833] },
							"o": { "x": [0.167, 0.167, 0.167], "y": [0.167, 0.167, 0.167] },
							"t": 240,
							"s": [70, 100, 100]
						},
						{
							"i": { "x": [0.833, 0.833, 0.833], "y": [0.833, 0.833, 0.833] },
							"o": { "x": [0.167, 0.167, 0.167], "y": [0.167, 0.167, 0.167] },
							"t": 270,
							"s": [50, 100, 100]
						},
						{ "t": 295, "s": [70, 100, 100] }
					],
					"ix": 6
				}
			},
			"ao": 0,
			"shapes": [
				{
					"ty": "gr",
					"it": [
						{
							"d": 1,
							"ty": "el",
							"s": { "a": 0, "k": [56.697, 6.631], "ix": 2 },
							"p": { "a": 0, "k": [0, 0], "ix": 3 },
							"nm": "Ellipse Path 1",
							"mn": "ADBE Vector Shape - Ellipse",
							"hd": false
						},
						{
							"ty": "fl",
							"c": {
								"a": 0,
								"k": [0.848757874732, 0.861812935623, 0.876608455882, 1],
								"ix": 4
							},
							"o": { "a": 0, "k": 100, "ix": 5 },
							"r": 1,
							"bm": 0,
							"nm": "Fill 1",
							"mn": "ADBE Vector Graphic - Fill",
							"hd": false
						},
						{
							"ty": "tr",
							"p": { "a": 0, "k": [-9.651, 124.815], "ix": 2 },
							"a": { "a": 0, "k": [0, 0], "ix": 1 },
							"s": { "a": 0, "k": [100, 100], "ix": 3 },
							"r": { "a": 0, "k": 0, "ix": 6 },
							"o": { "a": 0, "k": 100, "ix": 7 },
							"sk": { "a": 0, "k": 0, "ix": 4 },
							"sa": { "a": 0, "k": 0, "ix": 5 },
							"nm": "Transform"
						}
					],
					"nm": "Ellipse 1",
					"np": 3,
					"cix": 2,
					"bm": 0,
					"ix": 1,
					"mn": "ADBE Vector Group",
					"hd": false
				}
			],
			"ip": 0,
			"op": 300,
			"st": 0,
			"bm": 0
		},
		{
			"ddd": 0,
			"ind": 2,
			"ty": 0,
			"nm": "main",
			"refId": "comp_0",
			"sr": 1,
			"ks": {
				"o": { "a": 0, "k": 100, "ix": 11 },
				"r": { "a": 0, "k": 0, "ix": 10 },
				"p": {
					"a": 1,
					"k": [
						{
							"i": { "x": 0.833, "y": 0.833 },
							"o": { "x": 0.167, "y": 0.167 },
							"t": 0,
							"s": [213, 145, 0],
							"to": [0, 0.833, 0],
							"ti": [0, 0, 0]
						},
						{
							"i": { "x": 0.833, "y": 0.833 },
							"o": { "x": 0.167, "y": 0.167 },
							"t": 30,
							"s": [213, 150, 0],
							"to": [0, 0, 0],
							"ti": [0, 0, 0]
						},
						{
							"i": { "x": 0.833, "y": 0.833 },
							"o": { "x": 0.167, "y": 0.167 },
							"t": 60,
							"s": [213, 145, 0],
							"to": [0, 0, 0],
							"ti": [0, 0, 0]
						},
						{
							"i": { "x": 0.833, "y": 0.833 },
							"o": { "x": 0.167, "y": 0.167 },
							"t": 90,
							"s": [213, 150, 0],
							"to": [0, 0, 0],
							"ti": [0, 0, 0]
						},
						{
							"i": { "x": 0.833, "y": 0.833 },
							"o": { "x": 0.167, "y": 0.167 },
							"t": 120,
							"s": [213, 145, 0],
							"to": [0, 0, 0],
							"ti": [0, 0, 0]
						},
						{
							"i": { "x": 0.833, "y": 0.833 },
							"o": { "x": 0.167, "y": 0.167 },
							"t": 150,
							"s": [213, 150, 0],
							"to": [0, 0, 0],
							"ti": [0, 0, 0]
						},
						{
							"i": { "x": 0.833, "y": 0.833 },
							"o": { "x": 0.167, "y": 0.167 },
							"t": 180,
							"s": [213, 145, 0],
							"to": [0, 0, 0],
							"ti": [0, 0, 0]
						},
						{
							"i": { "x": 0.833, "y": 0.833 },
							"o": { "x": 0.167, "y": 0.167 },
							"t": 210,
							"s": [213, 150, 0],
							"to": [0, 0, 0],
							"ti": [0, 0, 0]
						},
						{
							"i": { "x": 0.833, "y": 0.833 },
							"o": { "x": 0.167, "y": 0.167 },
							"t": 240,
							"s": [213, 145, 0],
							"to": [0, 0, 0],
							"ti": [0, -0.833, 0]
						},
						{ "t": 270, "s": [213, 150, 0] }
					],
					"ix": 2
				},
				"a": { "a": 0, "k": [213, 145, 0], "ix": 1 },
				"s": { "a": 0, "k": [100, 100, 100], "ix": 6 }
			},
			"ao": 0,
			"w": 426,
			"h": 290,
			"ip": 0,
			"op": 3600,
			"st": 0,
			"bm": 0
		},
		{
			"ddd": 0,
			"ind": 3,
			"ty": 0,
			"nm": "decoration1",
			"refId": "comp_2",
			"sr": 1,
			"ks": {
				"o": {
					"a": 1,
					"k": [
						{
							"i": { "x": [0.981], "y": [1.128] },
							"o": { "x": [0.39], "y": [0.019] },
							"t": 8,
							"s": [0]
						},
						{
							"i": { "x": [0.833], "y": [1] },
							"o": { "x": [0.167], "y": [0] },
							"t": 40,
							"s": [100]
						},
						{
							"i": { "x": [0.833], "y": [1] },
							"o": { "x": [0.167], "y": [0] },
							"t": 72,
							"s": [80]
						},
						{ "t": 73, "s": [100] }
					],
					"ix": 11
				},
				"r": { "a": 0, "k": 0, "ix": 10 },
				"p": { "a": 0, "k": [213, 289, 0], "ix": 2 },
				"a": { "a": 0, "k": [213, 289, 0], "ix": 1 },
				"s": {
					"a": 1,
					"k": [
						{
							"i": { "x": [0.833, 0.833, 0.667], "y": [0.866, 0.866, 1] },
							"o": { "x": [0.37, 0.37, 0.333], "y": [-0.029, -0.029, 0] },
							"t": 0,
							"s": [0, 0, 100]
						},
						{
							"i": { "x": [0.833, 0.833, 0.833], "y": [1, 1, 1] },
							"o": { "x": [0.333, 0.333, 0.333], "y": [0, 0, 0] },
							"t": 40,
							"s": [100, 100, 100]
						},
						{
							"i": { "x": [0.833, 0.833, 0.833], "y": [1, 1, 1] },
							"o": { "x": [0.167, 0.167, 0.167], "y": [0, 0, 0] },
							"t": 72,
							"s": [80, 80, 100]
						},
						{ "t": 133, "s": [90, 90, 100] }
					],
					"ix": 6
				}
			},
			"ao": 0,
			"w": 426,
			"h": 290,
			"ip": 0,
			"op": 569,
			"st": 0,
			"bm": 0
		},
		{
			"ddd": 0,
			"ind": 4,
			"ty": 0,
			"nm": "decoratio2",
			"refId": "comp_3",
			"sr": 1,
			"ks": {
				"o": {
					"a": 1,
					"k": [
						{
							"i": { "x": [0.833], "y": [0.833] },
							"o": { "x": [0.167], "y": [0.167] },
							"t": 0,
							"s": [0]
						},
						{
							"i": { "x": [0.833], "y": [0.833] },
							"o": { "x": [0.167], "y": [0.167] },
							"t": 41,
							"s": [100]
						},
						{ "t": 72, "s": [100] }
					],
					"ix": 11
				},
				"r": { "a": 0, "k": 0, "ix": 10 },
				"p": { "a": 0, "k": [211, 291, 0], "ix": 2 },
				"a": { "a": 0, "k": [211, 291, 0], "ix": 1 },
				"s": {
					"a": 1,
					"k": [
						{
							"i": { "x": [0.833, 0.833, 0.833], "y": [0.833, 0.833, 0.833] },
							"o": { "x": [0.167, 0.167, 0.167], "y": [0.167, 0.167, 0.167] },
							"t": 0,
							"s": [0, 0, 100]
						},
						{
							"i": { "x": [0.833, 0.833, 0.833], "y": [0.833, 0.833, 0.833] },
							"o": { "x": [0.167, 0.167, 0.167], "y": [0.167, 0.167, 0.167] },
							"t": 43,
							"s": [99.442, 99.442, 100]
						},
						{
							"i": { "x": [0.833, 0.833, 0.833], "y": [0.833, 0.833, 0.833] },
							"o": { "x": [0.167, 0.167, 0.167], "y": [0.167, 0.167, 0.167] },
							"t": 72,
							"s": [84.442, 84.442, 100]
						},
						{ "t": 133, "s": [90, 90, 100] }
					],
					"ix": 6
				}
			},
			"ao": 0,
			"w": 426,
			"h": 290,
			"ip": 0,
			"op": 569,
			"st": 0,
			"bm": 0
		}
	],
	"markers": [
		{ "tm": 180, "cm": "1", "dr": 0 },
		{ "tm": 3600, "cm": "2", "dr": 0 }
	]
}
